AvgCyclomatic,AvgCyclomaticModified,AvgCyclomaticStrict,AvgEssential,AvgLine,AvgLineBlank,AvgLineCode,AvgLineComment,CountClassBase,CountClassCoupled,CountClassCoupledModified,CountClassDerived,CountDeclClass,CountDeclClassMethod,CountDeclClassVariable,CountDeclExecutableUnit,CountDeclFile,CountDeclFunction,CountDeclInstanceMethod,CountDeclInstanceVariable,CountDeclMethod,CountDeclMethodAll,CountDeclMethodDefault,CountDeclMethodPrivate,CountDeclMethodProtected,CountDeclMethodPublic,CountInput,CountLine,CountLineBlank,CountLineCode,CountLineCodeDecl,CountLineCodeExe,CountLineComment,CountOutput,CountPath,CountPathLog,CountSemicolon,CountStmt,CountStmtDecl,CountStmtExe,Cyclomatic,CyclomaticModified,CyclomaticStrict,Essential,Knots,MaxCyclomatic,MaxCyclomaticModified,MaxCyclomaticStrict,MaxEssential,MaxEssentialKnots,MaxInheritanceTree,MaxNesting,MinEssentialKnots,PercentLackOfCohesion,PercentLackOfCohesionModified,RatioCommentToCode,SumCyclomatic,SumCyclomaticModified,SumCyclomaticStrict,SumEssential,level,numberJavaFiles,packages,commitSha,commitDate,Buse Readability,Scalabrino Readability
,,,,,,,,,,,,,,,,,,,,,,,,,,4.5588235294117645,14.588235294117649,1.088235294117647,10.382352941176473,1.5,7.617647058823529,3.117647058823529,3.764705882352941,1.6470588235294117,0.0588235294117647,4.588235294117647,6.5588235294117645,1.911764705882353,5.117647058823529,1.6470588235294117,1.4705882352941178,1.6764705882352942,1.0,0.6176470588235294,,,,,0.0,,0.3823529411764705,0.0,,,0.4544117647058824,1.6470588235294117,1.4705882352941178,1.6764705882352942,1.0,method,,,ad1aab250b00fc23760ad7029de8248c05a3b190,2015-03-03 09:41:42-08:00,0.0,0.8061318798335614
1.6,1.6,1.6,1.0,11.9,0.9,9.6,1.0,1.6,7.0,4.9,0.0,,0.0,0.8,,,,3.5,1.0,3.5,16.5,0.0,0.7,0.1,2.7,,66.1,7.7,42.0,9.5,28.8,16.4,,,,17.8,24.9,8.7,17.9,,,,,,2.3,1.9,2.3,1.0,,1.9,0.9,,13.2,11.4,0.178,5.7,5.1,5.8,3.5,class,,,ad1aab250b00fc23760ad7029de8248c05a3b190,2015-03-03 09:41:42-08:00,0.0,0.8061318798335614
,,,,,,,,,,,,11.0,,,,,,,,,,,,,,,,,,,,,,,,,,,,,,,,,,,,,,,,,,,,,,,,project,2.0,4.0,ad1aab250b00fc23760ad7029de8248c05a3b190,2015-03-03 09:41:42-08:00,0.0,0.8061318798335614
,,,,,,,,,,,,,,,,,,,,,,,,,,4.5588235294117645,14.529411764705882,1.0,10.382352941176473,1.5,7.617647058823529,3.147058823529412,3.764705882352941,1.6470588235294117,0.0588235294117647,4.588235294117647,6.5588235294117645,1.911764705882353,5.117647058823529,1.6470588235294117,1.4705882352941178,1.6764705882352942,1.0,0.6176470588235294,,,,,0.0,,0.3823529411764705,0.0,,,0.4394117647058823,1.6470588235294117,1.4705882352941178,1.6764705882352942,1.0,method,,,87df7b217da9314764270a566b5dfa182f3e1c89,2015-03-09 10:14:21-07:00,0.0,0.8037844921841666
1.6,1.6,1.6,1.0,11.8,0.9,9.6,1.0,1.6,7.0,4.9,0.0,,0.0,0.8,,,,3.5,1.0,3.5,16.5,0.0,0.7,0.1,2.7,,65.8,7.3,42.0,9.5,28.8,16.5,,,,17.8,24.9,8.7,17.9,,,,,,2.3,1.9,2.3,1.0,,1.9,0.9,,13.2,11.4,0.179,5.7,5.1,5.8,3.5,class,,,87df7b217da9314764270a566b5dfa182f3e1c89,2015-03-09 10:14:21-07:00,0.0,0.8037844921841666
,,,,,,,,,,,,11.0,,,,,,,,,,,,,,,,,,,,,,,,,,,,,,,,,,,,,,,,,,,,,,,,project,2.0,4.0,87df7b217da9314764270a566b5dfa182f3e1c89,2015-03-09 10:14:21-07:00,0.0,0.8037844921841666
,,,,,,,,,,,,,,,,,,,,,,,,,,4.5588235294117645,14.529411764705882,1.0,10.382352941176473,1.5,7.617647058823529,3.147058823529412,3.764705882352941,1.6470588235294117,0.0588235294117647,4.588235294117647,6.5588235294117645,1.911764705882353,5.117647058823529,1.6470588235294117,1.4705882352941178,1.6764705882352942,1.0,0.6176470588235294,,,,,0.0,,0.3823529411764705,0.0,,,0.4394117647058823,1.6470588235294117,1.4705882352941178,1.6764705882352942,1.0,method,,,fe88e5ba4314818a7b54be3b12266d1a3378907e,2015-03-19 08:24:22-07:00,0.0,0.8037844921841666
1.6,1.6,1.6,1.0,11.8,0.9,9.6,1.0,1.6,7.0,4.9,0.0,,0.0,0.8,,,,3.5,1.0,3.5,16.5,0.0,0.7,0.1,2.7,,65.8,7.3,42.0,9.5,28.8,16.5,,,,17.8,24.9,8.7,17.9,,,,,,2.3,1.9,2.3,1.0,,1.9,0.9,,13.2,11.4,0.179,5.7,5.1,5.8,3.5,class,,,fe88e5ba4314818a7b54be3b12266d1a3378907e,2015-03-19 08:24:22-07:00,0.0,0.8037844921841666
,,,,,,,,,,,,11.0,,,,,,,,,,,,,,,,,,,,,,,,,,,,,,,,,,,,,,,,,,,,,,,,project,2.0,4.0,fe88e5ba4314818a7b54be3b12266d1a3378907e,2015-03-19 08:24:22-07:00,0.0,0.8037844921841666
,,,,,,,,,,,,,,,,,,,,,,,,,,4.5588235294117645,14.558823529411764,1.0,10.411764705882351,1.5294117647058822,7.647058823529412,3.147058823529412,3.852941176470588,1.6470588235294117,0.0588235294117647,4.617647058823529,6.5588235294117645,1.911764705882353,5.147058823529412,1.6470588235294117,1.4705882352941178,1.6764705882352942,1.0,0.6176470588235294,,,,,0.0,,0.3823529411764705,0.0,,,0.4379411764705882,1.6470588235294117,1.4705882352941178,1.6764705882352942,1.0,method,,,0ed8d278cc57e3e4f8be88181ce528c663117310,2015-03-25 10:09:45-07:00,0.0,0.7982609223022505
1.6,1.6,1.6,1.0,11.8,0.9,9.7,1.0,1.6,7.1,4.9,0.0,,0.0,0.8,,,,3.5,1.0,3.5,16.5,0.0,0.7,0.1,2.7,,65.9,7.3,42.1,9.6,28.9,16.5,,,,17.9,24.9,8.7,18.0,,,,,,2.3,1.9,2.3,1.0,,1.9,0.9,,13.2,11.4,0.176,5.7,5.1,5.8,3.5,class,,,0ed8d278cc57e3e4f8be88181ce528c663117310,2015-03-25 10:09:45-07:00,0.0,0.7982609223022505
,,,,,,,,,,,,11.0,,,,,,,,,,,,,,,,,,,,,,,,,,,,,,,,,,,,,,,,,,,,,,,,project,2.0,4.0,0ed8d278cc57e3e4f8be88181ce528c663117310,2015-03-25 10:09:45-07:00,0.0,0.7982609223022505
,,,,,,,,,,,,,,,,,,,,,,,,,,4.545454545454546,14.012987012987011,0.6753246753246753,10.7012987012987,1.2987012987012987,7.857142857142857,2.636363636363636,4.142857142857143,1.7402597402597402,0.0649350649350649,4.116883116883117,6.246753246753247,1.7792207792207793,4.883116883116883,1.792207792207792,1.6883116883116882,1.844155844155844,1.0,0.5584415584415584,,,,,0.0,,0.4155844155844156,0.0,,,0.3374025974025974,1.792207792207792,1.6883116883116882,1.844155844155844,1.0,method,,,5f5948592fd0e37245bcc6fbeceec7aeaacc453b,2015-07-06 10:46:10-07:00,0.0405923992927585,0.6672843822253444
1.6296296296296295,1.5925925925925926,1.7037037037037035,0.9629629629629628,9.592592592592592,0.3703703703703703,8.407407407407407,0.7037037037037037,1.4814814814814814,6.481481481481482,4.703703703703703,0.0,,0.1111111111111111,0.8888888888888888,,,,2.925925925925926,0.925925925925926,3.037037037037037,16.037037037037038,0.2222222222222222,0.6666666666666666,0.1851851851851851,1.962962962962963,,57.407407407407405,5.555555555555555,37.14814814814815,7.62962962962963,25.666666666666668,14.703703703703704,,,,14.11111111111111,20.925925925925927,7.592592592592593,14.703703703703704,,,,,,2.1481481481481484,1.962962962962963,2.2222222222222223,0.9629629629629628,,1.7407407407407407,0.8518518518518519,,10.51851851851852,8.777777777777779,0.2403703703703703,5.296296296296297,5.0,5.444444444444445,3.037037037037037,class,,,5f5948592fd0e37245bcc6fbeceec7aeaacc453b,2015-07-06 10:46:10-07:00,0.0405923992927585,0.6672843822253444
,,,,,,,,,,,,28.0,,,,,,,,,,,,,,,,,,,,,,,,,,,,,,,,,,,,,,,,,,,,,,,,project,7.0,10.0,5f5948592fd0e37245bcc6fbeceec7aeaacc453b,2015-07-06 10:46:10-07:00,0.0405923992927585,0.6672843822253444
,,,,,,,,,,,,,,,,,,,,,,,,,,4.545454545454546,14.012987012987011,0.6753246753246753,10.7012987012987,1.2987012987012987,7.857142857142857,2.636363636363636,4.142857142857143,1.7402597402597402,0.0649350649350649,4.116883116883117,6.246753246753247,1.7792207792207793,4.883116883116883,1.792207792207792,1.6883116883116882,1.844155844155844,1.0,0.5584415584415584,,,,,0.0,,0.4155844155844156,0.0,,,0.3374025974025974,1.792207792207792,1.6883116883116882,1.844155844155844,1.0,method,,,610ca711107f6117a864a552691ed29d559ec074,2015-08-13 13:13:50-07:00,0.0405923992927585,0.6672843822253444
1.6296296296296295,1.5925925925925926,1.7037037037037035,0.9629629629629628,9.592592592592592,0.3703703703703703,8.407407407407407,0.7037037037037037,1.4814814814814814,6.481481481481482,4.703703703703703,0.0,,0.1111111111111111,0.8888888888888888,,,,2.925925925925926,0.925925925925926,3.037037037037037,16.037037037037038,0.2222222222222222,0.6666666666666666,0.1851851851851851,1.962962962962963,,57.407407407407405,5.555555555555555,37.14814814814815,7.62962962962963,25.666666666666668,14.703703703703704,,,,14.11111111111111,20.925925925925927,7.592592592592593,14.703703703703704,,,,,,2.1481481481481484,1.962962962962963,2.2222222222222223,0.9629629629629628,,1.7407407407407407,0.8518518518518519,,10.51851851851852,8.777777777777779,0.2403703703703703,5.296296296296297,5.0,5.444444444444445,3.037037037037037,class,,,610ca711107f6117a864a552691ed29d559ec074,2015-08-13 13:13:50-07:00,0.0405923992927585,0.6672843822253444
,,,,,,,,,,,,28.0,,,,,,,,,,,,,,,,,,,,,,,,,,,,,,,,,,,,,,,,,,,,,,,,project,7.0,10.0,610ca711107f6117a864a552691ed29d559ec074,2015-08-13 13:13:50-07:00,0.0405923992927585,0.6672843822253444
,,,,,,,,,,,,,,,,,,,,,,,,,,4.545454545454546,14.012987012987011,0.6753246753246753,10.7012987012987,1.2987012987012987,7.857142857142857,2.636363636363636,4.142857142857143,1.7402597402597402,0.0649350649350649,4.116883116883117,6.246753246753247,1.7792207792207793,4.883116883116883,1.792207792207792,1.6883116883116882,1.844155844155844,1.0,0.5584415584415584,,,,,0.0,,0.4155844155844156,0.0,,,0.3374025974025974,1.792207792207792,1.6883116883116882,1.844155844155844,1.0,method,,,008bf68cf2f84c1eba2328e326a627f465c9b57d,2015-08-17 13:00:56-07:00,0.0405923992927585,0.6672843822253444
1.6296296296296295,1.5925925925925926,1.7037037037037035,0.9629629629629628,9.592592592592592,0.3703703703703703,8.407407407407407,0.7037037037037037,1.4814814814814814,6.481481481481482,4.703703703703703,0.0,,0.1111111111111111,0.8888888888888888,,,,2.925925925925926,0.925925925925926,3.037037037037037,16.037037037037038,0.2222222222222222,0.6666666666666666,0.1851851851851851,1.962962962962963,,57.407407407407405,5.555555555555555,37.14814814814815,7.62962962962963,25.666666666666668,14.703703703703704,,,,14.11111111111111,20.925925925925927,7.592592592592593,14.703703703703704,,,,,,2.1481481481481484,1.962962962962963,2.2222222222222223,0.9629629629629628,,1.7407407407407407,0.8518518518518519,,10.51851851851852,8.777777777777779,0.2403703703703703,5.296296296296297,5.0,5.444444444444445,3.037037037037037,class,,,008bf68cf2f84c1eba2328e326a627f465c9b57d,2015-08-17 13:00:56-07:00,0.0405923992927585,0.6672843822253444
,,,,,,,,,,,,28.0,,,,,,,,,,,,,,,,,,,,,,,,,,,,,,,,,,,,,,,,,,,,,,,,project,7.0,10.0,008bf68cf2f84c1eba2328e326a627f465c9b57d,2015-08-17 13:00:56-07:00,0.0405923992927585,0.6672843822253444
,,,,,,,,,,,,,,,,,,,,,,,,,,4.545454545454546,14.012987012987011,0.6753246753246753,10.7012987012987,1.2987012987012987,7.857142857142857,2.636363636363636,4.142857142857143,1.7402597402597402,0.0649350649350649,4.116883116883117,6.246753246753247,1.7792207792207793,4.883116883116883,1.792207792207792,1.6883116883116882,1.844155844155844,1.0,0.5584415584415584,,,,,0.0,,0.4155844155844156,0.0,,,0.3374025974025974,1.792207792207792,1.6883116883116882,1.844155844155844,1.0,method,,,bd8d01aae296cd1fa8f46948b223c92981526f53,2015-08-18 11:44:42-07:00,0.0405923992927585,0.6672843822253444
1.6296296296296295,1.5925925925925926,1.7037037037037035,0.9629629629629628,9.592592592592592,0.3703703703703703,8.407407407407407,0.7037037037037037,1.4814814814814814,6.481481481481482,4.703703703703703,0.0,,0.1111111111111111,0.8888888888888888,,,,2.925925925925926,0.925925925925926,3.037037037037037,16.037037037037038,0.2222222222222222,0.6666666666666666,0.1851851851851851,1.962962962962963,,57.407407407407405,5.555555555555555,37.14814814814815,7.62962962962963,25.666666666666668,14.703703703703704,,,,14.11111111111111,20.925925925925927,7.592592592592593,14.703703703703704,,,,,,2.1481481481481484,1.962962962962963,2.2222222222222223,0.9629629629629628,,1.7407407407407407,0.8518518518518519,,10.51851851851852,8.777777777777779,0.2403703703703703,5.296296296296297,5.0,5.444444444444445,3.037037037037037,class,,,bd8d01aae296cd1fa8f46948b223c92981526f53,2015-08-18 11:44:42-07:00,0.0405923992927585,0.6672843822253444
,,,,,,,,,,,,28.0,,,,,,,,,,,,,,,,,,,,,,,,,,,,,,,,,,,,,,,,,,,,,,,,project,7.0,10.0,bd8d01aae296cd1fa8f46948b223c92981526f53,2015-08-18 11:44:42-07:00,0.0405923992927585,0.6672843822253444
,,,,,,,,,,,,,,,,,,,,,,,,,,4.428571428571429,13.935064935064934,0.7012987012987013,10.766233766233766,1.2987012987012987,7.961038961038961,2.467532467532468,4.207792207792208,1.6883116883116882,0.0519480519480519,4.155844155844156,6.2727272727272725,1.8051948051948048,4.883116883116883,1.7402597402597402,1.6493506493506491,1.792207792207792,1.0,0.5454545454545454,,,,,0.0,,0.3896103896103896,0.0,,,0.3076623376623377,1.7402597402597402,1.6493506493506491,1.792207792207792,1.0,method,,,f33530b4cb806f6cd218df096e3b6dd10ea0008f,2015-09-17 17:15:35-07:00,0.0456400306097098,0.6705307014238
1.5357142857142858,1.5357142857142858,1.6071428571428572,0.9642857142857144,9.107142857142858,0.3571428571428571,8.071428571428571,0.5714285714285714,1.4642857142857142,6.321428571428571,4.642857142857143,0.0,,0.1071428571428571,0.75,,,,2.7857142857142856,0.8214285714285714,2.892857142857143,15.892857142857142,0.1428571428571428,0.6428571428571429,0.1785714285714285,1.9285714285714288,,53.35714285714285,5.142857142857143,34.892857142857146,6.857142857142857,24.571428571428573,13.321428571428571,,,,13.25,19.5,6.964285714285714,13.821428571428571,,,,,,1.9642857142857144,1.821428571428572,2.0357142857142856,0.9642857142857144,,1.75,0.75,,10.142857142857142,8.428571428571429,0.2342857142857143,4.928571428571429,4.678571428571429,5.071428571428571,2.892857142857143,class,,,f33530b4cb806f6cd218df096e3b6dd10ea0008f,2015-09-17 17:15:35-07:00,0.0456400306097098,0.6705307014238
,,,,,,,,,,,,29.0,,,,,,,,,,,,,,,,,,,,,,,,,,,,,,,,,,,,,,,,,,,,,,,,project,7.0,10.0,f33530b4cb806f6cd218df096e3b6dd10ea0008f,2015-09-17 17:15:35-07:00,0.0456400306097098,0.6705307014238
,,,,,,,,,,,,,,,,,,,,,,,,,,4.428571428571429,13.935064935064934,0.7012987012987013,10.766233766233766,1.2987012987012987,7.961038961038961,2.467532467532468,4.207792207792208,1.6883116883116882,0.0519480519480519,4.155844155844156,6.2727272727272725,1.8051948051948048,4.883116883116883,1.7402597402597402,1.6493506493506491,1.792207792207792,1.0,0.5454545454545454,,,,,0.0,,0.3896103896103896,0.0,,,0.3076623376623377,1.7402597402597402,1.6493506493506491,1.792207792207792,1.0,method,,,48f6d0f41770e3ef366cbef22e8c32a8e6a37017,2015-09-25 12:59:02-07:00,0.0456400306097098,0.6705307014238
1.5357142857142858,1.5357142857142858,1.6071428571428572,0.9642857142857144,9.107142857142858,0.3571428571428571,8.071428571428571,0.5714285714285714,1.4642857142857142,6.321428571428571,4.642857142857143,0.0,,0.1071428571428571,0.75,,,,2.7857142857142856,0.8214285714285714,2.892857142857143,15.892857142857142,0.1428571428571428,0.6428571428571429,0.1785714285714285,1.9285714285714288,,53.35714285714285,5.142857142857143,34.892857142857146,6.857142857142857,24.571428571428573,13.321428571428571,,,,13.25,19.5,6.964285714285714,13.821428571428571,,,,,,1.9642857142857144,1.821428571428572,2.0357142857142856,0.9642857142857144,,1.75,0.75,,10.142857142857142,8.428571428571429,0.2342857142857143,4.928571428571429,4.678571428571429,5.071428571428571,2.892857142857143,class,,,48f6d0f41770e3ef366cbef22e8c32a8e6a37017,2015-09-25 12:59:02-07:00,0.0456400306097098,0.6705307014238
,,,,,,,,,,,,29.0,,,,,,,,,,,,,,,,,,,,,,,,,,,,,,,,,,,,,,,,,,,,,,,,project,7.0,10.0,48f6d0f41770e3ef366cbef22e8c32a8e6a37017,2015-09-25 12:59:02-07:00,0.0456400306097098,0.6705307014238
,,,,,,,,,,,,,,,,,,,,,,,,,,4.289256198347108,12.743801652892564,0.5785123966942148,10.12396694214876,1.3636363636363635,7.404958677685951,2.041322314049587,4.388429752066116,1.6611570247933884,0.0495867768595041,3.9917355371900825,5.991735537190083,1.7272727272727273,4.702479338842975,1.7355371900826446,1.628099173553719,1.7685950413223142,1.0,0.512396694214876,,,,,0.0,,0.3884297520661157,0.0,,,0.2600826446280992,1.7355371900826446,1.628099173553719,1.7685950413223142,1.0,method,,,721960bd4df3b52a42e978079c4d5104fc8bee57,2015-12-07 13:52:47-08:00,0.3599556513751547,0.6196889703194739
1.564102564102564,1.4615384615384617,1.6153846153846154,0.9230769230769232,8.974358974358974,0.282051282051282,7.948717948717949,0.6153846153846154,1.435897435897436,6.923076923076923,5.17948717948718,0.0,,0.2564102564102564,0.717948717948718,,,,2.948717948717949,0.7692307692307693,3.2051282051282053,16.205128205128204,0.282051282051282,0.717948717948718,0.2307692307692307,1.9743589743589745,,56.1025641025641,5.461538461538462,36.74358974358975,7.743589743589744,25.435897435897434,13.897435897435898,,,,14.076923076923077,20.7948717948718,7.358974358974359,14.948717948717947,,,,,,2.102564102564102,1.871794871794872,2.1538461538461537,0.9230769230769232,,1.7435897435897436,0.8205128205128205,,9.512820512820513,8.179487179487179,0.3171794871794872,5.487179487179487,5.153846153846154,5.589743589743589,3.2051282051282053,class,,,721960bd4df3b52a42e978079c4d5104fc8bee57,2015-12-07 13:52:47-08:00,0.3599556513751547,0.6196889703194739
,,,,,,,,,,,,41.0,,,,,,,,,,,,,,,,,,,,,,,,,,,,,,,,,,,,,,,,,,,,,,,,project,12.0,11.0,721960bd4df3b52a42e978079c4d5104fc8bee57,2015-12-07 13:52:47-08:00,0.3599556513751547,0.6196889703194739
,,,,,,,,,,,,,,,,,,,,,,,,,,4.289256198347108,12.743801652892564,0.5785123966942148,10.12396694214876,1.3636363636363635,7.404958677685951,2.041322314049587,4.388429752066116,1.6611570247933884,0.0495867768595041,3.9917355371900825,5.991735537190083,1.7272727272727273,4.702479338842975,1.7355371900826446,1.628099173553719,1.7685950413223142,1.0,0.512396694214876,,,,,0.0,,0.3884297520661157,0.0,,,0.2600826446280992,1.7355371900826446,1.628099173553719,1.7685950413223142,1.0,method,,,265b11f7d20a55b4af9291f9083aea570c603437,2016-01-28 12:05:34-08:00,0.3599556513751547,0.6196889703194739
1.564102564102564,1.4615384615384617,1.6153846153846154,0.9230769230769232,8.974358974358974,0.282051282051282,7.948717948717949,0.6153846153846154,1.435897435897436,6.923076923076923,5.17948717948718,0.0,,0.2564102564102564,0.717948717948718,,,,2.948717948717949,0.7692307692307693,3.2051282051282053,16.205128205128204,0.282051282051282,0.717948717948718,0.2307692307692307,1.9743589743589745,,56.1025641025641,5.461538461538462,36.74358974358975,7.743589743589744,25.435897435897434,13.897435897435898,,,,14.076923076923077,20.7948717948718,7.358974358974359,14.948717948717947,,,,,,2.102564102564102,1.871794871794872,2.1538461538461537,0.9230769230769232,,1.7435897435897436,0.8205128205128205,,9.512820512820513,8.179487179487179,0.3171794871794872,5.487179487179487,5.153846153846154,5.589743589743589,3.2051282051282053,class,,,265b11f7d20a55b4af9291f9083aea570c603437,2016-01-28 12:05:34-08:00,0.3599556513751547,0.6196889703194739
,,,,,,,,,,,,41.0,,,,,,,,,,,,,,,,,,,,,,,,,,,,,,,,,,,,,,,,,,,,,,,,project,12.0,11.0,265b11f7d20a55b4af9291f9083aea570c603437,2016-01-28 12:05:34-08:00,0.3599556513751547,0.6196889703194739
,,,,,,,,,,,,,,,,,,,,,,,,,,4.289256198347108,12.743801652892564,0.5785123966942148,10.12396694214876,1.3636363636363635,7.404958677685951,2.041322314049587,4.388429752066116,1.6611570247933884,0.0495867768595041,3.9917355371900825,5.991735537190083,1.7272727272727273,4.702479338842975,1.7355371900826446,1.628099173553719,1.7685950413223142,1.0,0.512396694214876,,,,,0.0,,0.3884297520661157,0.0,,,0.2600826446280992,1.7355371900826446,1.628099173553719,1.7685950413223142,1.0,method,,,6c77d2d646954e63438973d255bb83a6136b79d3,2016-02-08 15:53:44+00:00,0.3599556513751547,0.6197689643377351
1.564102564102564,1.4615384615384617,1.6153846153846154,0.9230769230769232,8.974358974358974,0.282051282051282,7.948717948717949,0.6153846153846154,1.435897435897436,6.923076923076923,5.17948717948718,0.0,,0.2564102564102564,0.717948717948718,,,,2.948717948717949,0.7692307692307693,3.2051282051282053,16.205128205128204,0.282051282051282,0.717948717948718,0.2307692307692307,1.9743589743589745,,56.1025641025641,5.461538461538462,36.74358974358975,7.743589743589744,25.435897435897434,13.897435897435898,,,,14.076923076923077,20.7948717948718,7.358974358974359,14.948717948717947,,,,,,2.102564102564102,1.871794871794872,2.1538461538461537,0.9230769230769232,,1.7435897435897436,0.8205128205128205,,9.512820512820513,8.179487179487179,0.3171794871794872,5.487179487179487,5.153846153846154,5.589743589743589,3.2051282051282053,class,,,6c77d2d646954e63438973d255bb83a6136b79d3,2016-02-08 15:53:44+00:00,0.3599556513751547,0.6197689643377351
,,,,,,,,,,,,41.0,,,,,,,,,,,,,,,,,,,,,,,,,,,,,,,,,,,,,,,,,,,,,,,,project,12.0,11.0,6c77d2d646954e63438973d255bb83a6136b79d3,2016-02-08 15:53:44+00:00,0.3599556513751547,0.6197689643377351
,,,,,,,,,,,,,,,,,,,,,,,,,,4.289256198347108,12.743801652892564,0.5785123966942148,10.12396694214876,1.3636363636363635,7.404958677685951,2.041322314049587,4.388429752066116,1.6611570247933884,0.0495867768595041,3.9917355371900825,5.991735537190083,1.7272727272727273,4.702479338842975,1.7355371900826446,1.628099173553719,1.7685950413223142,1.0,0.512396694214876,,,,,0.0,,0.3884297520661157,0.0,,,0.2600826446280992,1.7355371900826446,1.628099173553719,1.7685950413223142,1.0,method,,,d5c4f4ba8f55df1a96fb6e23cb211543ef23fdac,2016-02-08 14:51:51-06:00,0.3599556513751547,0.6197689643377351
1.564102564102564,1.4615384615384617,1.6153846153846154,0.9230769230769232,8.974358974358974,0.282051282051282,7.948717948717949,0.6153846153846154,1.435897435897436,6.923076923076923,5.17948717948718,0.0,,0.2564102564102564,0.717948717948718,,,,2.948717948717949,0.7692307692307693,3.2051282051282053,16.205128205128204,0.282051282051282,0.717948717948718,0.2307692307692307,1.9743589743589745,,56.1025641025641,5.461538461538462,36.74358974358975,7.743589743589744,25.435897435897434,13.897435897435898,,,,14.076923076923077,20.7948717948718,7.358974358974359,14.948717948717947,,,,,,2.102564102564102,1.871794871794872,2.1538461538461537,0.9230769230769232,,1.7435897435897436,0.8205128205128205,,9.512820512820513,8.179487179487179,0.3171794871794872,5.487179487179487,5.153846153846154,5.589743589743589,3.2051282051282053,class,,,d5c4f4ba8f55df1a96fb6e23cb211543ef23fdac,2016-02-08 14:51:51-06:00,0.3599556513751547,0.6197689643377351
,,,,,,,,,,,,41.0,,,,,,,,,,,,,,,,,,,,,,,,,,,,,,,,,,,,,,,,,,,,,,,,project,12.0,11.0,d5c4f4ba8f55df1a96fb6e23cb211543ef23fdac,2016-02-08 14:51:51-06:00,0.3599556513751547,0.6197689643377351
,,,,,,,,,,,,,,,,,,,,,,,,,,4.333333333333333,13.314814814814817,0.6111111111111112,10.37037037037037,1.462962962962963,7.574074074074074,2.333333333333333,4.361111111111111,1.7962962962962965,0.0555555555555555,3.990740740740741,6.037037037037037,1.851851851851852,4.694444444444445,1.7314814814814814,1.6574074074074074,1.7685185185185186,1.0,0.5,,,,,0.0,,0.3981481481481481,0.0,,,0.2776851851851852,1.7314814814814814,1.6574074074074074,1.7685185185185186,1.0,method,,,b278b1ec8b996aea14771df29e122d7d3c895fd6,2016-05-13 17:34:38-07:00,0.2319474015384912,0.5590203202981856
1.4166666666666667,1.4166666666666667,1.4722222222222223,0.9444444444444444,8.916666666666666,0.2777777777777778,7.805555555555555,0.7222222222222222,1.4444444444444444,7.138888888888889,5.222222222222222,0.0,,0.1944444444444444,0.75,,,,2.9444444444444446,0.7777777777777778,3.138888888888889,16.13888888888889,0.2222222222222222,0.8055555555555556,0.2777777777777778,1.8333333333333333,,55.55555555555556,5.333333333333333,36.30555555555556,7.722222222222222,25.30555555555556,13.916666666666666,,,,13.72222222222222,20.30555555555556,7.527777777777778,14.47222222222222,,,,,,1.9444444444444444,1.805555555555556,2.0,0.9444444444444444,,1.7777777777777777,0.75,,10.22222222222222,8.722222222222221,0.2361111111111111,5.333333333333333,5.111111111111111,5.444444444444445,3.138888888888889,class,,,b278b1ec8b996aea14771df29e122d7d3c895fd6,2016-05-13 17:34:38-07:00,0.2319474015384912,0.5590203202981856
,,,,,,,,,,,,37.0,,,,,,,,,,,,,,,,,,,,,,,,,,,,,,,,,,,,,,,,,,,,,,,,project,10.0,11.0,b278b1ec8b996aea14771df29e122d7d3c895fd6,2016-05-13 17:34:38-07:00,0.2319474015384912,0.5590203202981856
,,,,,,,,,,,,,,,,,,,,,,,,,,4.342592592592593,13.333333333333334,0.6111111111111112,10.38888888888889,1.462962962962963,7.592592592592593,2.333333333333333,4.37037037037037,1.7962962962962965,0.0555555555555555,3.990740740740741,6.037037037037037,1.851851851851852,4.694444444444445,1.7314814814814814,1.6574074074074074,1.7685185185185186,1.0,0.5,,,,,0.0,,0.3981481481481481,0.0,,,0.2763888888888889,1.7314814814814814,1.6574074074074074,1.7685185185185186,1.0,method,,,49418ddf166210d82b996a3dbec58c43f2231e10,2016-05-18 16:18:18-07:00,0.2319474015384912,0.5588634917854375
1.4166666666666667,1.4166666666666667,1.4722222222222223,0.9444444444444444,8.916666666666666,0.2777777777777778,7.805555555555555,0.7222222222222222,1.4444444444444444,7.194444444444445,5.277777777777778,0.0,,0.1944444444444444,0.75,,,,2.9444444444444446,0.7777777777777778,3.138888888888889,16.13888888888889,0.2222222222222222,0.8055555555555556,0.2777777777777778,1.8333333333333333,,55.61111111111112,5.333333333333333,36.36111111111112,7.722222222222222,25.36111111111111,13.916666666666666,,,,13.72222222222222,20.30555555555556,7.527777777777778,14.47222222222222,,,,,,1.9444444444444444,1.805555555555556,2.0,0.9444444444444444,,1.7777777777777777,0.75,,10.22222222222222,8.722222222222221,0.2361111111111111,5.333333333333333,5.111111111111111,5.444444444444445,3.138888888888889,class,,,49418ddf166210d82b996a3dbec58c43f2231e10,2016-05-18 16:18:18-07:00,0.2319474015384912,0.5588634917854375
,,,,,,,,,,,,37.0,,,,,,,,,,,,,,,,,,,,,,,,,,,,,,,,,,,,,,,,,,,,,,,,project,10.0,11.0,49418ddf166210d82b996a3dbec58c43f2231e10,2016-05-18 16:18:18-07:00,0.2319474015384912,0.5588634917854375
,,,,,,,,,,,,,,,,,,,,,,,,,,4.342592592592593,13.333333333333334,0.6111111111111112,10.38888888888889,1.462962962962963,7.592592592592593,2.333333333333333,4.37037037037037,1.7962962962962965,0.0555555555555555,3.990740740740741,6.037037037037037,1.851851851851852,4.694444444444445,1.7314814814814814,1.6574074074074074,1.7685185185185186,1.0,0.5,,,,,0.0,,0.3981481481481481,0.0,,,0.2763888888888889,1.7314814814814814,1.6574074074074074,1.7685185185185186,1.0,method,,,5590a6696935892903d9118871681ce2a9c93179,2016-05-19 08:14:10-07:00,0.2319474015384912,0.5588634917854375
1.4166666666666667,1.4166666666666667,1.4722222222222223,0.9444444444444444,8.916666666666666,0.2777777777777778,7.805555555555555,0.7222222222222222,1.4444444444444444,7.194444444444445,5.277777777777778,0.0,,0.1944444444444444,0.75,,,,2.9444444444444446,0.7777777777777778,3.138888888888889,16.13888888888889,0.2222222222222222,0.8055555555555556,0.2777777777777778,1.8333333333333333,,55.61111111111112,5.333333333333333,36.36111111111112,7.722222222222222,25.36111111111111,13.916666666666666,,,,13.72222222222222,20.30555555555556,7.527777777777778,14.47222222222222,,,,,,1.9444444444444444,1.805555555555556,2.0,0.9444444444444444,,1.7777777777777777,0.75,,10.22222222222222,8.722222222222221,0.2361111111111111,5.333333333333333,5.111111111111111,5.444444444444445,3.138888888888889,class,,,5590a6696935892903d9118871681ce2a9c93179,2016-05-19 08:14:10-07:00,0.2319474015384912,0.5588634917854375
,,,,,,,,,,,,37.0,,,,,,,,,,,,,,,,,,,,,,,,,,,,,,,,,,,,,,,,,,,,,,,,project,10.0,11.0,5590a6696935892903d9118871681ce2a9c93179,2016-05-19 08:14:10-07:00,0.2319474015384912,0.5588634917854375
,,,,,,,,,,,,,,,,,,,,,,,,,,4.191011235955056,13.247191011235955,0.6179775280898876,10.044943820224718,1.5168539325842696,7.258426966292135,2.5842696629213484,4.258426966292135,1.7640449438202248,0.0561797752808988,3.988764044943821,5.98876404494382,1.9101123595505616,4.617977528089888,1.6292134831460674,1.550561797752809,1.6629213483146068,1.0,0.4269662921348314,,,,,0.0,,0.4157303370786517,0.0,,,0.3166292134831461,1.6292134831460674,1.550561797752809,1.6629213483146068,1.0,method,,,a1c019fdc90741e9f34057fc4a2f45ce8648c103,2016-05-20 08:58:14-07:00,0.2857134001595633,0.4373807385257516
1.4137931034482758,1.4137931034482758,1.4827586206896552,0.9655172413793104,9.689655172413794,0.3103448275862069,8.10344827586207,1.137931034482759,1.4482758620689655,7.586206896551724,5.448275862068965,0.0,,0.2413793103448276,0.6551724137931034,,,,2.931034482758621,0.7931034482758621,3.1724137931034484,16.17241379310345,0.1379310344827586,0.896551724137931,0.2758620689655172,1.862068965517241,,55.172413793103445,5.379310344827586,36.0,7.896551724137931,24.82758620689655,13.827586206896552,,,,13.93103448275862,20.448275862068964,7.689655172413793,14.620689655172416,,,,,,1.9655172413793105,1.793103448275862,2.034482758620689,0.9655172413793104,,1.827586206896552,0.7586206896551724,,12.03448275862069,10.06896551724138,0.1917241379310345,5.103448275862069,4.862068965517241,5.206896551724138,3.1724137931034484,class,,,a1c019fdc90741e9f34057fc4a2f45ce8648c103,2016-05-20 08:58:14-07:00,0.2857134001595633,0.4373807385257516
,,,,,,,,,,,,30.0,,,,,,,,,,,,,,,,,,,,,,,,,,,,,,,,,,,,,,,,,,,,,,,,project,7.0,11.0,a1c019fdc90741e9f34057fc4a2f45ce8648c103,2016-05-20 08:58:14-07:00,0.2857134001595633,0.4373807385257516
,,,,,,,,,,,,,,,,,,,,,,,,,,4.191011235955056,13.247191011235955,0.6179775280898876,10.044943820224718,1.5168539325842696,7.258426966292135,2.5842696629213484,4.258426966292135,1.7640449438202248,0.0561797752808988,3.988764044943821,5.98876404494382,1.9101123595505616,4.617977528089888,1.6292134831460674,1.550561797752809,1.6629213483146068,1.0,0.4269662921348314,,,,,0.0,,0.4157303370786517,0.0,,,0.3166292134831461,1.6292134831460674,1.550561797752809,1.6629213483146068,1.0,method,,,ca226bd6d2d89dd60d0a4f1b32e529442cf9d877,2016-05-25 13:36:00-07:00,0.2857134001595633,0.4373807385257516
1.4137931034482758,1.4137931034482758,1.4827586206896552,0.9655172413793104,9.689655172413794,0.3103448275862069,8.10344827586207,1.137931034482759,1.4482758620689655,7.586206896551724,5.448275862068965,0.0,,0.2413793103448276,0.6551724137931034,,,,2.931034482758621,0.7931034482758621,3.1724137931034484,16.17241379310345,0.1379310344827586,0.896551724137931,0.2758620689655172,1.862068965517241,,55.172413793103445,5.379310344827586,36.0,7.896551724137931,24.82758620689655,13.827586206896552,,,,13.93103448275862,20.448275862068964,7.689655172413793,14.620689655172416,,,,,,1.9655172413793105,1.793103448275862,2.034482758620689,0.9655172413793104,,1.827586206896552,0.7586206896551724,,12.03448275862069,10.06896551724138,0.1917241379310345,5.103448275862069,4.862068965517241,5.206896551724138,3.1724137931034484,class,,,ca226bd6d2d89dd60d0a4f1b32e529442cf9d877,2016-05-25 13:36:00-07:00,0.2857134001595633,0.4373807385257516
,,,,,,,,,,,,30.0,,,,,,,,,,,,,,,,,,,,,,,,,,,,,,,,,,,,,,,,,,,,,,,,project,7.0,11.0,ca226bd6d2d89dd60d0a4f1b32e529442cf9d877,2016-05-25 13:36:00-07:00,0.2857134001595633,0.4373807385257516
,,,,,,,,,,,,,,,,,,,,,,,,,,3.8434163701067616,10.352313167259789,0.4412811387900356,8.352313167259787,1.2846975088967971,5.864768683274021,1.5729537366548043,3.580071174377224,2.1565836298932384,0.0604982206405693,3.437722419928825,5.174377224199288,1.6085409252669038,3.861209964412812,1.5587188612099645,1.4697508896797151,1.6334519572953736,1.01779359430605,0.4199288256227758,,,,,0.0391459074733096,,0.3345195729537366,0.0391459074733096,,,0.306512455516014,1.5587188612099645,1.4697508896797151,1.6334519572953736,1.01779359430605,method,,,275d093553102ffee7ef7222aceebd91b792e5e6,2017-06-07 09:59:00-07:00,0.1909498168155551,0.548953092167226
1.4477611940298507,1.4328358208955223,1.5223880597014925,1.0149253731343284,8.91044776119403,0.2835820895522388,7.791044776119403,0.6865671641791045,1.3134328358208955,7.373134328358209,5.014925373134329,0.208955223880597,,0.2537313432835821,0.5074626865671642,,,,4.0,1.0597014925373134,4.253731343283582,21.49253731343284,0.0597014925373134,1.044776119402985,1.3432835820895523,1.805970149253732,,63.25373134328358,7.044776119402985,44.25373134328358,10.298507462686567,28.83582089552239,12.134328358208956,,,,17.0,25.417910447761194,9.462686567164178,17.47761194029851,,,,,,2.238805970149253,1.9402985074626864,2.373134328358209,1.1044776119402986,,1.7611940298507462,0.746268656716418,,12.492537313432836,10.8955223880597,0.1352238805970149,6.656716417910448,6.283582089552239,6.970149253731344,4.358208955223881,class,,,275d093553102ffee7ef7222aceebd91b792e5e6,2017-06-07 09:59:00-07:00,0.1909498168155551,0.548953092167226
,,,,,,,,,,,,71.0,,,,,,,,,,,,,,,,,,,,,,,,,,,,,,,,,,,,,,,,,,,,,,,,project,15.0,15.0,275d093553102ffee7ef7222aceebd91b792e5e6,2017-06-07 09:59:00-07:00,0.1909498168155551,0.548953092167226
,,,,,,,,,,,,,,,,,,,,,,,,,,3.8434163701067616,10.352313167259789,0.4412811387900356,8.352313167259787,1.2846975088967971,5.864768683274021,1.5729537366548043,3.580071174377224,2.1565836298932384,0.0604982206405693,3.437722419928825,5.174377224199288,1.6085409252669038,3.861209964412812,1.5587188612099645,1.4697508896797151,1.6334519572953736,1.01779359430605,0.4199288256227758,,,,,0.0391459074733096,,0.3345195729537366,0.0391459074733096,,,0.306512455516014,1.5587188612099645,1.4697508896797151,1.6334519572953736,1.01779359430605,method,,,dd47b58605b73213826235e3d983400e09f4cadc,2017-07-12 11:04:15-07:00,0.1909498168155551,0.548953092167226
1.4477611940298507,1.4328358208955223,1.5223880597014925,1.0149253731343284,8.91044776119403,0.2835820895522388,7.791044776119403,0.6865671641791045,1.3134328358208955,7.373134328358209,5.014925373134329,0.208955223880597,,0.2537313432835821,0.5074626865671642,,,,4.0,1.0597014925373134,4.253731343283582,21.49253731343284,0.0597014925373134,1.044776119402985,1.3432835820895523,1.805970149253732,,63.25373134328358,7.044776119402985,44.25373134328358,10.298507462686567,28.83582089552239,12.134328358208956,,,,17.0,25.417910447761194,9.462686567164178,17.47761194029851,,,,,,2.238805970149253,1.9402985074626864,2.373134328358209,1.1044776119402986,,1.7611940298507462,0.746268656716418,,12.492537313432836,10.8955223880597,0.1352238805970149,6.656716417910448,6.283582089552239,6.970149253731344,4.358208955223881,class,,,dd47b58605b73213826235e3d983400e09f4cadc,2017-07-12 11:04:15-07:00,0.1909498168155551,0.548953092167226
,,,,,,,,,,,,71.0,,,,,,,,,,,,,,,,,,,,,,,,,,,,,,,,,,,,,,,,,,,,,,,,project,15.0,15.0,dd47b58605b73213826235e3d983400e09f4cadc,2017-07-12 11:04:15-07:00,0.1909498168155551,0.548953092167226
,,,,,,,,,,,,,,,,,,,,,,,,,,3.7449392712550607,9.77327935222672,0.3643724696356275,8.068825910931174,1.2510121457489878,5.619433198380567,1.3562753036437247,3.54251012145749,2.22672064777328,0.0607287449392712,3.2753036437246963,4.983805668016195,1.5668016194331984,3.684210526315789,1.5465587044534412,1.4696356275303644,1.6275303643724697,1.0202429149797572,0.3927125506072874,,,,,0.0445344129554655,,0.3279352226720647,0.0445344129554655,,,0.2884210526315787,1.5465587044534412,1.4696356275303644,1.6275303643724697,1.0202429149797572,method,,,f82ae7e9e0ed0364185c09d1fb41b384515e36f0,2017-07-13 15:04:29-07:00,0.2203267117102559,0.33509071424071496
1.4210526315789471,1.4035087719298245,1.5087719298245614,1.0175438596491229,8.403508771929825,0.175438596491228,7.456140350877193,0.631578947368421,1.263157894736842,7.421052631578948,5.035087719298246,0.2456140350877192,,0.2982456140350877,0.4561403508771929,,,,4.087719298245614,1.0701754385964912,4.385964912280702,22.36842105263158,0.0701754385964912,1.105263157894737,1.5614035087719298,1.649122807017544,,62.78947368421053,7.0,44.63157894736842,10.421052631578949,28.82456140350877,11.36842105263158,,,,16.842105263157894,25.50877192982456,9.596491228070176,17.385964912280702,,,,,,2.2280701754385963,1.947368421052632,2.3859649122807016,1.1228070175438596,,1.736842105263158,0.7192982456140351,,12.36842105263158,10.807017543859647,0.1280701754385965,6.824561403508772,6.491228070175438,7.175438596491228,4.508771929824562,class,,,f82ae7e9e0ed0364185c09d1fb41b384515e36f0,2017-07-13 15:04:29-07:00,0.2203267117102559,0.33509071424071496
,,,,,,,,,,,,60.0,,,,,,,,,,,,,,,,,,,,,,,,,,,,,,,,,,,,,,,,,,,,,,,,project,13.0,13.0,f82ae7e9e0ed0364185c09d1fb41b384515e36f0,2017-07-13 15:04:29-07:00,0.2203267117102559,0.33509071424071496
,,,,,,,,,,,,,,,,,,,,,,,,,,3.7449392712550607,9.77327935222672,0.3643724696356275,8.068825910931174,1.2510121457489878,5.619433198380567,1.3562753036437247,3.54251012145749,2.22672064777328,0.0607287449392712,3.2753036437246963,4.983805668016195,1.5668016194331984,3.684210526315789,1.5465587044534412,1.4696356275303644,1.6275303643724697,1.0202429149797572,0.3927125506072874,,,,,0.0445344129554655,,0.3279352226720647,0.0445344129554655,,,0.2884210526315787,1.5465587044534412,1.4696356275303644,1.6275303643724697,1.0202429149797572,method,,,877239d35432107963c3f73972cc5c6e8ec1dabe,2017-07-14 08:53:53-07:00,0.2203267117102559,0.33509071424071496
1.4210526315789471,1.4035087719298245,1.5087719298245614,1.0175438596491229,8.403508771929825,0.175438596491228,7.456140350877193,0.631578947368421,1.263157894736842,7.421052631578948,5.035087719298246,0.2456140350877192,,0.2982456140350877,0.4561403508771929,,,,4.087719298245614,1.0701754385964912,4.385964912280702,22.36842105263158,0.0701754385964912,1.105263157894737,1.5614035087719298,1.649122807017544,,62.78947368421053,7.0,44.63157894736842,10.421052631578949,28.82456140350877,11.36842105263158,,,,16.842105263157894,25.50877192982456,9.596491228070176,17.385964912280702,,,,,,2.2280701754385963,1.947368421052632,2.3859649122807016,1.1228070175438596,,1.736842105263158,0.7192982456140351,,12.36842105263158,10.807017543859647,0.1280701754385965,6.824561403508772,6.491228070175438,7.175438596491228,4.508771929824562,class,,,877239d35432107963c3f73972cc5c6e8ec1dabe,2017-07-14 08:53:53-07:00,0.2203267117102559,0.33509071424071496
,,,,,,,,,,,,60.0,,,,,,,,,,,,,,,,,,,,,,,,,,,,,,,,,,,,,,,,,,,,,,,,project,13.0,13.0,877239d35432107963c3f73972cc5c6e8ec1dabe,2017-07-14 08:53:53-07:00,0.2203267117102559,0.33509071424071496
,,,,,,,,,,,,,,,,,,,,,,,,,,3.688259109311741,9.607287449392713,0.3684210526315789,7.890688259109312,1.2469635627530364,5.481781376518219,1.3643724696356276,3.4817813765182186,2.331983805668016,0.0607287449392712,3.283400809716599,4.959514170040486,1.5789473684210529,3.651821862348178,1.5384615384615383,1.4534412955465588,1.6153846153846154,1.0161943319838056,0.4048582995951417,,,,,0.0445344129554655,,0.3036437246963562,0.0445344129554655,,,0.3093117408906883,1.5384615384615383,1.4534412955465588,1.6153846153846154,1.0161943319838056,method,,,d179893036384d5c4dcb8261109e0dc5ea5a42ee,2017-10-10 12:10:58-07:00,0.2203267117102559,0.42081526031976674
1.3220338983050848,1.2881355932203389,1.3898305084745763,1.0169491525423728,7.711864406779661,0.1694915254237288,6.796610169491525,0.6101694915254238,1.2203389830508475,7.152542372881356,4.830508474576271,0.2372881355932203,,0.2711864406779661,0.4576271186440678,,,,3.9661016949152543,1.0338983050847457,4.237288135593221,22.016949152542374,0.0677966101694915,1.0169491525423728,1.6101694915254237,1.5423728813559323,,60.03389830508475,6.762711864406779,42.389830508474574,10.0,27.35593220338983,11.084745762711863,,,,16.322033898305083,24.559322033898304,9.33898305084746,16.661016949152543,,,,,,2.1186440677966103,1.8135593220338984,2.2711864406779663,1.11864406779661,,1.7457627118644068,0.5932203389830508,,11.932203389830509,10.491525423728811,0.1242372881355932,6.559322033898305,6.203389830508475,6.88135593220339,4.338983050847458,class,,,d179893036384d5c4dcb8261109e0dc5ea5a42ee,2017-10-10 12:10:58-07:00,0.2203267117102559,0.42081526031976674
,,,,,,,,,,,,62.0,,,,,,,,,,,,,,,,,,,,,,,,,,,,,,,,,,,,,,,,,,,,,,,,project,13.0,13.0,d179893036384d5c4dcb8261109e0dc5ea5a42ee,2017-10-10 12:10:58-07:00,0.2203267117102559,0.42081526031976674
,,,,,,,,,,,,,,,,,,,,,,,,,,3.9166666666666665,9.532608695652174,0.3876811594202898,7.86231884057971,1.2065217391304348,5.463768115942029,1.2971014492753623,3.5615942028985508,2.13768115942029,0.0615942028985507,3.2644927536231885,4.945652173913044,1.5181159420289856,3.670289855072464,1.5434782608695652,1.4746376811594204,1.641304347826087,1.036231884057971,0.394927536231884,,,,,0.0652173913043478,,0.3260869565217391,0.0652173913043478,,,0.2724999999999998,1.5434782608695652,1.4746376811594204,1.641304347826087,1.036231884057971,method,,,e80155e2d68b18221fb0daa7e1a50595d6999d5f,2017-11-29 14:58:13-08:00,0.1911783583462238,0.439756449416484
1.3870967741935485,1.3709677419354838,1.4838709677419355,1.0161290322580645,8.14516129032258,0.1612903225806451,7.225806451612903,0.5967741935483871,1.2419354838709675,7.596774193548387,5.193548387096774,0.2258064516129032,,0.3064516129032258,0.532258064516129,,,,4.161290322580645,1.2903225806451613,4.467741935483871,22.048387096774192,0.064516129032258,1.2096774193548387,1.4838709677419355,1.7096774193548387,,64.30645161290323,7.467741935483871,46.096774193548384,10.67741935483871,29.83870967741936,10.935483870967742,,,,17.677419354838708,26.516129032258064,9.935483870967742,18.032258064516128,,,,,,2.2096774193548385,1.9516129032258065,2.3870967741935485,1.1612903225806452,,1.7419354838709675,0.7258064516129032,,12.790322580645162,11.048387096774194,0.1204838709677419,6.951612903225806,6.645161290322581,7.306451612903226,4.661290322580645,class,,,e80155e2d68b18221fb0daa7e1a50595d6999d5f,2017-11-29 14:58:13-08:00,0.1911783583462238,0.439756449416484
,,,,,,,,,,,,66.0,,,,,,,,,,,,,,,,,,,,,,,,,,,,,,,,,,,,,,,,,,,,,,,,project,15.0,14.0,e80155e2d68b18221fb0daa7e1a50595d6999d5f,2017-11-29 14:58:13-08:00,0.1911783583462238,0.439756449416484
,,,,,,,,,,,,,,,,,,,,,,,,,,3.8659420289855073,9.384057971014492,0.391304347826087,7.702898550724638,1.2028985507246377,5.340579710144928,1.3043478260869563,3.5072463768115942,2.231884057971014,0.0615942028985507,3.2717391304347827,4.923913043478261,1.5289855072463767,3.641304347826087,1.536231884057971,1.460144927536232,1.6304347826086956,1.0326086956521738,0.4057971014492754,,,,,0.0652173913043478,,0.3043478260869565,0.0652173913043478,,,0.291195652173913,1.536231884057971,1.460144927536232,1.6304347826086956,1.0326086956521738,method,,,9213b35e7846443243513fffd33cb533df050484,2018-01-12 13:40:16+00:00,0.1911783583462238,0.439756449416484
1.296875,1.265625,1.375,1.015625,7.515625,0.15625,6.625,0.578125,1.203125,7.34375,5.0,0.21875,,0.28125,0.53125,,,,4.046875,1.25,4.328125,21.734375,0.0625,1.125,1.53125,1.609375,,61.71875,7.234375,43.984375,10.28125,28.453125,10.6875,,,,17.171875,25.609375,9.6875,17.34375,,,,,,2.109375,1.828125,2.28125,1.15625,,1.75,0.609375,,12.375,10.75,0.1171875,6.703125,6.375,7.03125,4.5,class,,,9213b35e7846443243513fffd33cb533df050484,2018-01-12 13:40:16+00:00,0.1911783583462238,0.439756449416484
,,,,,,,,,,,,68.0,,,,,,,,,,,,,,,,,,,,,,,,,,,,,,,,,,,,,,,,,,,,,,,,project,15.0,14.0,9213b35e7846443243513fffd33cb533df050484,2018-01-12 13:40:16+00:00,0.1911783583462238,0.439756449416484
,,,,,,,,,,,,,,,,,,,,,,,,,,3.8659420289855073,9.384057971014492,0.391304347826087,7.702898550724638,1.2028985507246377,5.340579710144928,1.3043478260869563,3.5072463768115942,2.231884057971014,0.0615942028985507,3.2717391304347827,4.923913043478261,1.5289855072463767,3.641304347826087,1.536231884057971,1.460144927536232,1.6304347826086956,1.0326086956521738,0.4057971014492754,,,,,0.0652173913043478,,0.3043478260869565,0.0652173913043478,,,0.291195652173913,1.536231884057971,1.460144927536232,1.6304347826086956,1.0326086956521738,method,,,ee7e0c9e4c8f5d09ebda7393ad362d9be93945e8,2018-01-12 08:53:50-08:00,0.1911783583462238,0.439756449416484
1.296875,1.265625,1.375,1.015625,7.515625,0.15625,6.625,0.578125,1.203125,7.34375,5.0,0.21875,,0.28125,0.53125,,,,4.046875,1.25,4.328125,21.734375,0.0625,1.125,1.53125,1.609375,,61.71875,7.234375,43.984375,10.28125,28.453125,10.6875,,,,17.171875,25.609375,9.6875,17.34375,,,,,,2.109375,1.828125,2.28125,1.15625,,1.75,0.609375,,12.375,10.75,0.1171875,6.703125,6.375,7.03125,4.5,class,,,ee7e0c9e4c8f5d09ebda7393ad362d9be93945e8,2018-01-12 08:53:50-08:00,0.1911783583462238,0.439756449416484
,,,,,,,,,,,,68.0,,,,,,,,,,,,,,,,,,,,,,,,,,,,,,,,,,,,,,,,,,,,,,,,project,15.0,14.0,ee7e0c9e4c8f5d09ebda7393ad362d9be93945e8,2018-01-12 08:53:50-08:00,0.1911783583462238,0.439756449416484
,,,,,,,,,,,,,,,,,,,,,,,,,,3.8659420289855073,9.384057971014492,0.391304347826087,7.702898550724638,1.2028985507246377,5.340579710144928,1.3043478260869563,3.5072463768115942,2.231884057971014,0.0615942028985507,3.2717391304347827,4.923913043478261,1.5289855072463767,3.641304347826087,1.536231884057971,1.460144927536232,1.6304347826086956,1.0326086956521738,0.4057971014492754,,,,,0.0652173913043478,,0.3043478260869565,0.0652173913043478,,,0.291195652173913,1.536231884057971,1.460144927536232,1.6304347826086956,1.0326086956521738,method,,,e225a4374d95c170fea1e021199f9144425614fc,2018-02-14 10:38:40-08:00,0.1911783583462238,0.439756449416484
1.296875,1.265625,1.375,1.015625,7.515625,0.15625,6.625,0.578125,1.203125,7.34375,5.0,0.21875,,0.28125,0.53125,,,,4.046875,1.25,4.328125,21.734375,0.0625,1.125,1.53125,1.609375,,61.71875,7.234375,43.984375,10.28125,28.453125,10.6875,,,,17.171875,25.609375,9.6875,17.34375,,,,,,2.109375,1.828125,2.28125,1.15625,,1.75,0.609375,,12.375,10.75,0.1171875,6.703125,6.375,7.03125,4.5,class,,,e225a4374d95c170fea1e021199f9144425614fc,2018-02-14 10:38:40-08:00,0.1911783583462238,0.439756449416484
,,,,,,,,,,,,68.0,,,,,,,,,,,,,,,,,,,,,,,,,,,,,,,,,,,,,,,,,,,,,,,,project,15.0,14.0,e225a4374d95c170fea1e021199f9144425614fc,2018-02-14 10:38:40-08:00,0.1911783583462238,0.439756449416484
,,,,,,,,,,,,,,,,,,,,,,,,,,3.8659420289855073,9.38768115942029,0.394927536231884,7.702898550724638,1.2028985507246377,5.340579710144928,1.3043478260869563,3.4927536231884058,2.231884057971014,0.0615942028985507,3.2717391304347827,4.923913043478261,1.5289855072463767,3.641304347826087,1.536231884057971,1.460144927536232,1.6304347826086956,1.0326086956521738,0.4057971014492754,,,,,0.0652173913043478,,0.3043478260869565,0.0652173913043478,,,0.291195652173913,1.536231884057971,1.460144927536232,1.6304347826086956,1.0326086956521738,method,,,2c35c6ae3f744a6c122ecfa941af16d2098810f5,2018-02-14 11:53:04-08:00,0.1911783583462238,0.43978381304620157
1.296875,1.265625,1.375,1.015625,7.515625,0.15625,6.625,0.578125,1.203125,7.34375,5.0,0.21875,,0.28125,0.53125,,,,4.046875,1.25,4.328125,21.734375,0.0625,1.125,1.53125,1.609375,,61.734375,7.25,43.984375,10.28125,28.453125,10.6875,,,,17.171875,25.609375,9.6875,17.34375,,,,,,2.109375,1.828125,2.28125,1.15625,,1.75,0.609375,,12.375,10.75,0.1171875,6.703125,6.375,7.03125,4.5,class,,,2c35c6ae3f744a6c122ecfa941af16d2098810f5,2018-02-14 11:53:04-08:00,0.1911783583462238,0.43978381304620157
,,,,,,,,,,,,68.0,,,,,,,,,,,,,,,,,,,,,,,,,,,,,,,,,,,,,,,,,,,,,,,,project,15.0,14.0,2c35c6ae3f744a6c122ecfa941af16d2098810f5,2018-02-14 11:53:04-08:00,0.1911783583462238,0.43978381304620157
,,,,,,,,,,,,,,,,,,,,,,,,,,3.8659420289855073,9.38768115942029,0.394927536231884,7.702898550724638,1.2028985507246377,5.340579710144928,1.3043478260869563,3.4927536231884058,2.231884057971014,0.0615942028985507,3.2717391304347827,4.923913043478261,1.5289855072463767,3.641304347826087,1.536231884057971,1.460144927536232,1.6304347826086956,1.0326086956521738,0.4057971014492754,,,,,0.0652173913043478,,0.3043478260869565,0.0652173913043478,,,0.291195652173913,1.536231884057971,1.460144927536232,1.6304347826086956,1.0326086956521738,method,,,e4ca2a2b88ffd9be9070663edfd9fab3aa40c4b4,2018-02-15 16:01:05+00:00,0.1911783583462238,0.43978381304620157
1.296875,1.265625,1.375,1.015625,7.515625,0.15625,6.625,0.578125,1.203125,7.34375,5.0,0.21875,,0.28125,0.53125,,,,4.046875,1.25,4.328125,21.734375,0.0625,1.125,1.53125,1.609375,,61.734375,7.25,43.984375,10.28125,28.453125,10.6875,,,,17.171875,25.609375,9.6875,17.34375,,,,,,2.109375,1.828125,2.28125,1.15625,,1.75,0.609375,,12.375,10.75,0.1171875,6.703125,6.375,7.03125,4.5,class,,,e4ca2a2b88ffd9be9070663edfd9fab3aa40c4b4,2018-02-15 16:01:05+00:00,0.1911783583462238,0.43978381304620157
,,,,,,,,,,,,68.0,,,,,,,,,,,,,,,,,,,,,,,,,,,,,,,,,,,,,,,,,,,,,,,,project,15.0,14.0,e4ca2a2b88ffd9be9070663edfd9fab3aa40c4b4,2018-02-15 16:01:05+00:00,0.1911783583462238,0.43978381304620157
,,,,,,,,,,,,,,,,,,,,,,,,,,3.8659420289855073,9.38768115942029,0.394927536231884,7.702898550724638,1.2028985507246377,5.340579710144928,1.3043478260869563,3.4927536231884058,2.231884057971014,0.0615942028985507,3.2717391304347827,4.923913043478261,1.5289855072463767,3.641304347826087,1.536231884057971,1.460144927536232,1.6304347826086956,1.0326086956521738,0.4057971014492754,,,,,0.0652173913043478,,0.3043478260869565,0.0652173913043478,,,0.291195652173913,1.536231884057971,1.460144927536232,1.6304347826086956,1.0326086956521738,method,,,9c82b47458684e117c6ba00b6a44a7b3f767022e,2018-04-07 15:53:23-05:00,0.1911783583462238,0.43978381304620157
1.296875,1.265625,1.375,1.015625,7.515625,0.15625,6.625,0.578125,1.203125,7.34375,5.0,0.21875,,0.28125,0.53125,,,,4.046875,1.25,4.328125,21.734375,0.0625,1.125,1.53125,1.609375,,61.734375,7.25,43.984375,10.28125,28.453125,10.6875,,,,17.171875,25.609375,9.6875,17.34375,,,,,,2.109375,1.828125,2.28125,1.15625,,1.75,0.609375,,12.375,10.75,0.1171875,6.703125,6.375,7.03125,4.5,class,,,9c82b47458684e117c6ba00b6a44a7b3f767022e,2018-04-07 15:53:23-05:00,0.1911783583462238,0.43978381304620157
,,,,,,,,,,,,68.0,,,,,,,,,,,,,,,,,,,,,,,,,,,,,,,,,,,,,,,,,,,,,,,,project,15.0,14.0,9c82b47458684e117c6ba00b6a44a7b3f767022e,2018-04-07 15:53:23-05:00,0.1911783583462238,0.43978381304620157
,,,,,,,,,,,,,,,,,,,,,,,,,,3.8659420289855073,9.38768115942029,0.394927536231884,7.702898550724638,1.2028985507246377,5.340579710144928,1.3043478260869563,3.4927536231884058,2.231884057971014,0.0615942028985507,3.2717391304347827,4.923913043478261,1.5289855072463767,3.641304347826087,1.536231884057971,1.460144927536232,1.6304347826086956,1.0326086956521738,0.4057971014492754,,,,,0.0652173913043478,,0.3043478260869565,0.0652173913043478,,,0.291195652173913,1.536231884057971,1.460144927536232,1.6304347826086956,1.0326086956521738,method,,,31dfcd24864d866467f9e356ee41cae23c0996df,2018-04-11 13:59:40-07:00,0.1911783583462238,0.43978381304620157
1.296875,1.265625,1.375,1.015625,7.515625,0.15625,6.625,0.578125,1.203125,7.34375,5.0,0.21875,,0.28125,0.53125,,,,4.046875,1.25,4.328125,21.734375,0.0625,1.125,1.53125,1.609375,,61.734375,7.25,43.984375,10.28125,28.453125,10.6875,,,,17.171875,25.609375,9.6875,17.34375,,,,,,2.109375,1.828125,2.28125,1.15625,,1.75,0.609375,,12.375,10.75,0.1171875,6.703125,6.375,7.03125,4.5,class,,,31dfcd24864d866467f9e356ee41cae23c0996df,2018-04-11 13:59:40-07:00,0.1911783583462238,0.43978381304620157
,,,,,,,,,,,,68.0,,,,,,,,,,,,,,,,,,,,,,,,,,,,,,,,,,,,,,,,,,,,,,,,project,15.0,14.0,31dfcd24864d866467f9e356ee41cae23c0996df,2018-04-11 13:59:40-07:00,0.1911783583462238,0.43978381304620157
,,,,,,,,,,,,,,,,,,,,,,,,,,3.8659420289855073,9.394927536231885,0.394927536231884,7.710144927536231,1.2028985507246377,5.3478260869565215,1.3043478260869563,3.5072463768115942,2.231884057971014,0.0615942028985507,3.2717391304347827,4.923913043478261,1.5289855072463767,3.641304347826087,1.536231884057971,1.460144927536232,1.6304347826086956,1.0326086956521738,0.4057971014492754,,,,,0.0652173913043478,,0.3043478260869565,0.0652173913043478,,,0.2904710144927536,1.536231884057971,1.460144927536232,1.6304347826086956,1.0326086956521738,method,,,456d88dac9f929d80a0f527b6e100d348b498bcc,2018-07-08 10:59:21+02:00,0.1911462696734815,0.43979113236449213
1.296875,1.265625,1.375,1.015625,7.515625,0.15625,6.625,0.578125,1.203125,7.34375,5.0,0.21875,,0.28125,0.53125,,,,4.046875,1.25,4.328125,21.734375,0.0625,1.125,1.53125,1.609375,,61.796875,7.25,44.046875,10.28125,28.515625,10.6875,,,,17.171875,25.609375,9.6875,17.34375,,,,,,2.109375,1.828125,2.28125,1.15625,,1.75,0.609375,,12.375,10.75,0.1171875,6.703125,6.375,7.03125,4.5,class,,,456d88dac9f929d80a0f527b6e100d348b498bcc,2018-07-08 10:59:21+02:00,0.1911462696734815,0.43979113236449213
,,,,,,,,,,,,68.0,,,,,,,,,,,,,,,,,,,,,,,,,,,,,,,,,,,,,,,,,,,,,,,,project,15.0,14.0,456d88dac9f929d80a0f527b6e100d348b498bcc,2018-07-08 10:59:21+02:00,0.1911462696734815,0.43979113236449213
,,,,,,,,,,,,,,,,,,,,,,,,,,3.8659420289855073,9.394927536231885,0.394927536231884,7.710144927536231,1.2028985507246377,5.3478260869565215,1.3043478260869563,3.5072463768115942,2.231884057971014,0.0615942028985507,3.2717391304347827,4.923913043478261,1.5289855072463767,3.641304347826087,1.536231884057971,1.460144927536232,1.6304347826086956,1.0326086956521738,0.4057971014492754,,,,,0.0652173913043478,,0.3043478260869565,0.0652173913043478,,,0.2904710144927536,1.536231884057971,1.460144927536232,1.6304347826086956,1.0326086956521738,method,,,469882c050becccda3ff5e6588df88e638bce833,2018-09-26 10:29:21-07:00,0.1911462696734815,0.43979113236449213
1.296875,1.265625,1.375,1.015625,7.515625,0.15625,6.625,0.578125,1.203125,7.34375,5.0,0.21875,,0.28125,0.53125,,,,4.046875,1.25,4.328125,21.734375,0.0625,1.125,1.53125,1.609375,,61.796875,7.25,44.046875,10.28125,28.515625,10.6875,,,,17.171875,25.609375,9.6875,17.34375,,,,,,2.109375,1.828125,2.28125,1.15625,,1.75,0.609375,,12.375,10.75,0.1171875,6.703125,6.375,7.03125,4.5,class,,,469882c050becccda3ff5e6588df88e638bce833,2018-09-26 10:29:21-07:00,0.1911462696734815,0.43979113236449213
,,,,,,,,,,,,68.0,,,,,,,,,,,,,,,,,,,,,,,,,,,,,,,,,,,,,,,,,,,,,,,,project,15.0,14.0,469882c050becccda3ff5e6588df88e638bce833,2018-09-26 10:29:21-07:00,0.1911462696734815,0.43979113236449213
,,,,,,,,,,,,,,,,,,,,,,,,,,3.8659420289855073,9.394927536231885,0.394927536231884,7.710144927536231,1.2028985507246377,5.3478260869565215,1.3043478260869563,3.5072463768115942,2.231884057971014,0.0615942028985507,3.2717391304347827,4.923913043478261,1.5289855072463767,3.641304347826087,1.536231884057971,1.460144927536232,1.6304347826086956,1.0326086956521738,0.4057971014492754,,,,,0.0652173913043478,,0.3043478260869565,0.0652173913043478,,,0.2904710144927536,1.536231884057971,1.460144927536232,1.6304347826086956,1.0326086956521738,method,,,f0486d8c76be408a28164946c11aaa02ad4b2273,2018-11-11 09:28:08+00:00,0.1911462696734815,0.43979113236449213
1.296875,1.265625,1.375,1.015625,7.515625,0.15625,6.625,0.578125,1.203125,7.34375,5.0,0.21875,,0.28125,0.53125,,,,4.046875,1.25,4.328125,21.734375,0.0625,1.125,1.53125,1.609375,,61.796875,7.25,44.046875,10.28125,28.515625,10.6875,,,,17.171875,25.609375,9.6875,17.34375,,,,,,2.109375,1.828125,2.28125,1.15625,,1.75,0.609375,,12.375,10.75,0.1171875,6.703125,6.375,7.03125,4.5,class,,,f0486d8c76be408a28164946c11aaa02ad4b2273,2018-11-11 09:28:08+00:00,0.1911462696734815,0.43979113236449213
,,,,,,,,,,,,68.0,,,,,,,,,,,,,,,,,,,,,,,,,,,,,,,,,,,,,,,,,,,,,,,,project,15.0,14.0,f0486d8c76be408a28164946c11aaa02ad4b2273,2018-11-11 09:28:08+00:00,0.1911462696734815,0.43979113236449213
,,,,,,,,,,,,,,,,,,,,,,,,,,3.8659420289855073,9.394927536231885,0.394927536231884,7.710144927536231,1.2028985507246377,5.3478260869565215,1.3043478260869563,3.5072463768115942,2.231884057971014,0.0615942028985507,3.2717391304347827,4.923913043478261,1.5289855072463767,3.641304347826087,1.536231884057971,1.460144927536232,1.6304347826086956,1.0326086956521738,0.4057971014492754,,,,,0.0652173913043478,,0.3043478260869565,0.0652173913043478,,,0.2904710144927536,1.536231884057971,1.460144927536232,1.6304347826086956,1.0326086956521738,method,,,22a3e1af2c2d98ec73f1ade0c26f10d451f7f632,2018-11-11 16:21:07-08:00,0.1911462696734815,0.43979113236449213
1.296875,1.265625,1.375,1.015625,7.515625,0.15625,6.625,0.578125,1.203125,7.34375,5.0,0.21875,,0.28125,0.53125,,,,4.046875,1.25,4.328125,21.734375,0.0625,1.125,1.53125,1.609375,,61.796875,7.25,44.046875,10.28125,28.515625,10.6875,,,,17.171875,25.609375,9.6875,17.34375,,,,,,2.109375,1.828125,2.28125,1.15625,,1.75,0.609375,,12.375,10.75,0.1171875,6.703125,6.375,7.03125,4.5,class,,,22a3e1af2c2d98ec73f1ade0c26f10d451f7f632,2018-11-11 16:21:07-08:00,0.1911462696734815,0.43979113236449213
,,,,,,,,,,,,68.0,,,,,,,,,,,,,,,,,,,,,,,,,,,,,,,,,,,,,,,,,,,,,,,,project,15.0,14.0,22a3e1af2c2d98ec73f1ade0c26f10d451f7f632,2018-11-11 16:21:07-08:00,0.1911462696734815,0.43979113236449213
,,,,,,,,,,,,,,,,,,,,,,,,,,3.8659420289855073,9.394927536231885,0.394927536231884,7.710144927536231,1.2028985507246377,5.3478260869565215,1.3043478260869563,3.5072463768115942,2.231884057971014,0.0615942028985507,3.2717391304347827,4.923913043478261,1.5289855072463767,3.641304347826087,1.536231884057971,1.460144927536232,1.6304347826086956,1.0326086956521738,0.4057971014492754,,,,,0.0652173913043478,,0.3043478260869565,0.0652173913043478,,,0.2904710144927536,1.536231884057971,1.460144927536232,1.6304347826086956,1.0326086956521738,method,,,168ad18cbdb50a3cb14fb297b0a8919248e21bb3,2018-11-23 15:07:26-08:00,0.1911462696734815,0.43979113236449213
1.296875,1.265625,1.375,1.015625,7.515625,0.15625,6.625,0.578125,1.203125,7.34375,5.0,0.21875,,0.28125,0.53125,,,,4.046875,1.25,4.328125,21.734375,0.0625,1.125,1.53125,1.609375,,61.796875,7.25,44.046875,10.28125,28.515625,10.6875,,,,17.171875,25.609375,9.6875,17.34375,,,,,,2.109375,1.828125,2.28125,1.15625,,1.75,0.609375,,12.375,10.75,0.1171875,6.703125,6.375,7.03125,4.5,class,,,168ad18cbdb50a3cb14fb297b0a8919248e21bb3,2018-11-23 15:07:26-08:00,0.1911462696734815,0.43979113236449213
,,,,,,,,,,,,68.0,,,,,,,,,,,,,,,,,,,,,,,,,,,,,,,,,,,,,,,,,,,,,,,,project,15.0,14.0,168ad18cbdb50a3cb14fb297b0a8919248e21bb3,2018-11-23 15:07:26-08:00,0.1911462696734815,0.43979113236449213
,,,,,,,,,,,,,,,,,,,,,,,,,,3.8659420289855073,9.394927536231885,0.394927536231884,7.710144927536231,1.2028985507246377,5.3478260869565215,1.3043478260869563,3.5072463768115942,2.231884057971014,0.0615942028985507,3.2717391304347827,4.923913043478261,1.5289855072463767,3.641304347826087,1.536231884057971,1.460144927536232,1.6304347826086956,1.0326086956521738,0.4057971014492754,,,,,0.0652173913043478,,0.3043478260869565,0.0652173913043478,,,0.2904710144927536,1.536231884057971,1.460144927536232,1.6304347826086956,1.0326086956521738,method,,,f93d65cf430eedab145adac238e103fa69ed36e9,2018-11-23 15:19:29-08:00,0.1911462696734815,0.43979113236449213
1.296875,1.265625,1.375,1.015625,7.515625,0.15625,6.625,0.578125,1.203125,7.34375,5.0,0.21875,,0.28125,0.53125,,,,4.046875,1.25,4.328125,21.734375,0.0625,1.125,1.53125,1.609375,,61.796875,7.25,44.046875,10.28125,28.515625,10.6875,,,,17.171875,25.609375,9.6875,17.34375,,,,,,2.109375,1.828125,2.28125,1.15625,,1.75,0.609375,,12.375,10.75,0.1171875,6.703125,6.375,7.03125,4.5,class,,,f93d65cf430eedab145adac238e103fa69ed36e9,2018-11-23 15:19:29-08:00,0.1911462696734815,0.43979113236449213
,,,,,,,,,,,,68.0,,,,,,,,,,,,,,,,,,,,,,,,,,,,,,,,,,,,,,,,,,,,,,,,project,15.0,14.0,f93d65cf430eedab145adac238e103fa69ed36e9,2018-11-23 15:19:29-08:00,0.1911462696734815,0.43979113236449213
,,,,,,,,,,,,,,,,,,,,,,,,,,3.8659420289855073,9.394927536231885,0.394927536231884,7.710144927536231,1.2028985507246377,5.3478260869565215,1.3043478260869563,3.5072463768115942,2.231884057971014,0.0615942028985507,3.2717391304347827,4.923913043478261,1.5289855072463767,3.641304347826087,1.536231884057971,1.460144927536232,1.6304347826086956,1.0326086956521738,0.4057971014492754,,,,,0.0652173913043478,,0.3043478260869565,0.0652173913043478,,,0.2904710144927536,1.536231884057971,1.460144927536232,1.6304347826086956,1.0326086956521738,method,,,0bab74ad5749e77b2a138b615f0ad4c03d6802f8,2019-02-14 20:46:01+00:00,0.1911462696734815,0.43979113236449213
1.296875,1.265625,1.375,1.015625,7.515625,0.15625,6.625,0.578125,1.203125,7.34375,5.0,0.21875,,0.28125,0.53125,,,,4.046875,1.25,4.328125,21.734375,0.0625,1.125,1.53125,1.609375,,61.796875,7.25,44.046875,10.28125,28.515625,10.6875,,,,17.171875,25.609375,9.6875,17.34375,,,,,,2.109375,1.828125,2.28125,1.15625,,1.75,0.609375,,12.375,10.75,0.1171875,6.703125,6.375,7.03125,4.5,class,,,0bab74ad5749e77b2a138b615f0ad4c03d6802f8,2019-02-14 20:46:01+00:00,0.1911462696734815,0.43979113236449213
,,,,,,,,,,,,68.0,,,,,,,,,,,,,,,,,,,,,,,,,,,,,,,,,,,,,,,,,,,,,,,,project,15.0,14.0,0bab74ad5749e77b2a138b615f0ad4c03d6802f8,2019-02-14 20:46:01+00:00,0.1911462696734815,0.43979113236449213
,,,,,,,,,,,,,,,,,,,,,,,,,,3.8731884057971016,9.626811594202898,0.3985507246376811,7.778985507246377,1.213768115942029,5.369565217391305,1.463768115942029,3.5144927536231885,2.239130434782609,0.0652173913043478,3.27536231884058,4.934782608695652,1.5289855072463767,3.652173913043478,1.5434782608695652,1.4673913043478262,1.634057971014493,1.0326086956521738,0.4094202898550724,,,,,0.0652173913043478,,0.3115942028985507,0.0652173913043478,,,0.2965942028985507,1.5434782608695652,1.4673913043478262,1.634057971014493,1.0326086956521738,method,,,aecbbb66b41fb22bffe3f7b06e9dfe363cc43ec5,2019-02-24 10:05:33+00:00,0.1911462696734815,0.44044024561067197
1.296875,1.265625,1.375,1.015625,7.546875,0.15625,6.625,0.609375,1.203125,7.421875,5.078125,0.21875,,0.28125,0.53125,,,,4.046875,1.25,4.328125,21.734375,0.0625,1.125,1.53125,1.609375,,63.15625,7.265625,44.421875,10.453125,28.59375,11.65625,,,,17.1875,25.65625,9.6875,17.390625,,,,,,2.109375,1.828125,2.265625,1.15625,,1.75,0.609375,,12.375,10.75,0.1203125,6.734375,6.40625,7.046875,4.5,class,,,aecbbb66b41fb22bffe3f7b06e9dfe363cc43ec5,2019-02-24 10:05:33+00:00,0.1911462696734815,0.44044024561067197
,,,,,,,,,,,,68.0,,,,,,,,,,,,,,,,,,,,,,,,,,,,,,,,,,,,,,,,,,,,,,,,project,15.0,14.0,aecbbb66b41fb22bffe3f7b06e9dfe363cc43ec5,2019-02-24 10:05:33+00:00,0.1911462696734815,0.44044024561067197
,,,,,,,,,,,,,,,,,,,,,,,,,,3.8731884057971016,9.442028985507246,0.3985507246376811,7.753623188405797,1.2028985507246377,5.384057971014493,1.3043478260869563,3.5144927536231885,2.239130434782609,0.0652173913043478,3.27536231884058,4.934782608695652,1.5289855072463767,3.652173913043478,1.5434782608695652,1.4673913043478262,1.634057971014493,1.0326086956521738,0.4094202898550724,,,,,0.0652173913043478,,0.3115942028985507,0.0652173913043478,,,0.2909420289855072,1.5434782608695652,1.4673913043478262,1.634057971014493,1.0326086956521738,method,,,3f40c36a73731606ba3b52731b9dd5e0e29388d0,2019-02-26 15:41:00+00:00,0.1911462696734815,0.4396987950643735
1.296875,1.265625,1.375,1.015625,7.5625,0.15625,6.65625,0.578125,1.203125,7.421875,5.078125,0.21875,,0.28125,0.53125,,,,4.046875,1.25,4.328125,21.734375,0.0625,1.125,1.53125,1.609375,,62.078125,7.265625,44.3125,10.3125,28.71875,10.6875,,,,17.1875,25.65625,9.6875,17.390625,,,,,,2.109375,1.828125,2.265625,1.15625,,1.75,0.609375,,12.375,10.75,0.11703125,6.734375,6.40625,7.046875,4.5,class,,,3f40c36a73731606ba3b52731b9dd5e0e29388d0,2019-02-26 15:41:00+00:00,0.1911462696734815,0.4396987950643735
,,,,,,,,,,,,68.0,,,,,,,,,,,,,,,,,,,,,,,,,,,,,,,,,,,,,,,,,,,,,,,,project,15.0,14.0,3f40c36a73731606ba3b52731b9dd5e0e29388d0,2019-02-26 15:41:00+00:00,0.1911462696734815,0.4396987950643735
,,,,,,,,,,,,,,,,,,,,,,,,,,3.8731884057971016,9.442028985507246,0.3985507246376811,7.753623188405797,1.2028985507246377,5.384057971014493,1.3043478260869563,3.5144927536231885,2.239130434782609,0.0652173913043478,3.27536231884058,4.934782608695652,1.5289855072463767,3.652173913043478,1.5434782608695652,1.4673913043478262,1.634057971014493,1.0326086956521738,0.4094202898550724,,,,,0.0652173913043478,,0.3115942028985507,0.0652173913043478,,,0.2909420289855072,1.5434782608695652,1.4673913043478262,1.634057971014493,1.0326086956521738,method,,,bd805978397389021b5b0589051078330cf594e2,2019-02-27 14:11:43+00:00,0.1911462696734815,0.4397619473619205
1.296875,1.265625,1.375,1.015625,7.5625,0.15625,6.65625,0.578125,1.203125,7.375,5.03125,0.21875,,0.28125,0.53125,,,,4.046875,1.25,4.328125,21.734375,0.0625,1.125,1.53125,1.609375,,62.046875,7.265625,44.28125,10.28125,28.71875,10.6875,,,,17.1875,25.65625,9.6875,17.390625,,,,,,2.109375,1.828125,2.265625,1.15625,,1.75,0.609375,,12.375,10.75,0.11703125,6.734375,6.40625,7.046875,4.5,class,,,bd805978397389021b5b0589051078330cf594e2,2019-02-27 14:11:43+00:00,0.1911462696734815,0.4397619473619205
,,,,,,,,,,,,68.0,,,,,,,,,,,,,,,,,,,,,,,,,,,,,,,,,,,,,,,,,,,,,,,,project,15.0,14.0,bd805978397389021b5b0589051078330cf594e2,2019-02-27 14:11:43+00:00,0.1911462696734815,0.4397619473619205
,,,,,,,,,,,,,,,,,,,,,,,,,,3.8731884057971016,9.423913043478262,0.3985507246376811,7.7355072463768115,1.2028985507246377,5.365942028985507,1.3043478260869563,3.5144927536231885,2.239130434782609,0.0652173913043478,3.27536231884058,4.934782608695652,1.5289855072463767,3.652173913043478,1.5434782608695652,1.4673913043478262,1.634057971014493,1.0326086956521738,0.4094202898550724,,,,,0.0652173913043478,,0.3115942028985507,0.0652173913043478,,,0.2909782608695652,1.5434782608695652,1.4673913043478262,1.634057971014493,1.0326086956521738,method,,,09689002171558d40952243bef06724eb5ec414e,2019-02-27 14:16:31+00:00,0.1911462696734815,0.4397704054374752
1.296875,1.265625,1.375,1.015625,7.515625,0.15625,6.625,0.578125,1.203125,7.375,5.03125,0.21875,,0.28125,0.53125,,,,4.046875,1.25,4.328125,21.734375,0.0625,1.125,1.53125,1.609375,,61.921875,7.265625,44.15625,10.28125,28.59375,10.6875,,,,17.1875,25.65625,9.6875,17.390625,,,,,,2.109375,1.828125,2.265625,1.15625,,1.75,0.609375,,12.375,10.75,0.1171875,6.734375,6.40625,7.046875,4.5,class,,,09689002171558d40952243bef06724eb5ec414e,2019-02-27 14:16:31+00:00,0.1911462696734815,0.4397704054374752
,,,,,,,,,,,,68.0,,,,,,,,,,,,,,,,,,,,,,,,,,,,,,,,,,,,,,,,,,,,,,,,project,15.0,14.0,09689002171558d40952243bef06724eb5ec414e,2019-02-27 14:16:31+00:00,0.1911462696734815,0.4397704054374752
,,,,,,,,,,,,,,,,,,,,,,,,,,3.8731884057971016,9.423913043478262,0.3985507246376811,7.7355072463768115,1.2028985507246377,5.365942028985507,1.3043478260869563,3.5144927536231885,2.239130434782609,0.0652173913043478,3.27536231884058,4.934782608695652,1.5289855072463767,3.652173913043478,1.5434782608695652,1.4673913043478262,1.634057971014493,1.0326086956521738,0.4094202898550724,,,,,0.0652173913043478,,0.3115942028985507,0.0652173913043478,,,0.2909782608695652,1.5434782608695652,1.4673913043478262,1.634057971014493,1.0326086956521738,method,,,d5d7fc80b96a6c55bcbaa1ca0a1c0c2211505aee,2019-03-02 09:40:25+00:00,0.1911462696734815,0.4397704054374752
1.296875,1.265625,1.375,1.015625,7.515625,0.15625,6.625,0.578125,1.203125,7.375,5.03125,0.21875,,0.28125,0.53125,,,,4.046875,1.25,4.328125,21.734375,0.0625,1.125,1.53125,1.609375,,61.921875,7.265625,44.15625,10.28125,28.59375,10.6875,,,,17.1875,25.65625,9.6875,17.390625,,,,,,2.109375,1.828125,2.265625,1.15625,,1.75,0.609375,,12.375,10.75,0.1171875,6.734375,6.40625,7.046875,4.5,class,,,d5d7fc80b96a6c55bcbaa1ca0a1c0c2211505aee,2019-03-02 09:40:25+00:00,0.1911462696734815,0.4397704054374752
,,,,,,,,,,,,68.0,,,,,,,,,,,,,,,,,,,,,,,,,,,,,,,,,,,,,,,,,,,,,,,,project,15.0,14.0,d5d7fc80b96a6c55bcbaa1ca0a1c0c2211505aee,2019-03-02 09:40:25+00:00,0.1911462696734815,0.4397704054374752
,,,,,,,,,,,,,,,,,,,,,,,,,,3.8731884057971016,9.423913043478262,0.3985507246376811,7.7355072463768115,1.2028985507246377,5.365942028985507,1.3043478260869563,3.5144927536231885,2.239130434782609,0.0652173913043478,3.27536231884058,4.934782608695652,1.5289855072463767,3.652173913043478,1.5434782608695652,1.4673913043478262,1.634057971014493,1.0326086956521738,0.4094202898550724,,,,,0.0652173913043478,,0.3115942028985507,0.0652173913043478,,,0.2909782608695652,1.5434782608695652,1.4673913043478262,1.634057971014493,1.0326086956521738,method,,,593d918dad9a1f2112ad5b147aaedbab784f9d19,2019-03-02 09:51:24-08:00,0.1911462696734815,0.4397704054374752
1.296875,1.265625,1.375,1.015625,7.515625,0.15625,6.625,0.578125,1.203125,7.375,5.03125,0.21875,,0.28125,0.53125,,,,4.046875,1.25,4.328125,21.734375,0.0625,1.125,1.53125,1.609375,,61.921875,7.265625,44.15625,10.28125,28.59375,10.6875,,,,17.1875,25.65625,9.6875,17.390625,,,,,,2.109375,1.828125,2.265625,1.15625,,1.75,0.609375,,12.375,10.75,0.1171875,6.734375,6.40625,7.046875,4.5,class,,,593d918dad9a1f2112ad5b147aaedbab784f9d19,2019-03-02 09:51:24-08:00,0.1911462696734815,0.4397704054374752
,,,,,,,,,,,,68.0,,,,,,,,,,,,,,,,,,,,,,,,,,,,,,,,,,,,,,,,,,,,,,,,project,15.0,14.0,593d918dad9a1f2112ad5b147aaedbab784f9d19,2019-03-02 09:51:24-08:00,0.1911462696734815,0.4397704054374752
,,,,,,,,,,,,,,,,,,,,,,,,,,3.8731884057971016,9.423913043478262,0.3985507246376811,7.7355072463768115,1.2028985507246377,5.365942028985507,1.3043478260869563,3.5144927536231885,2.239130434782609,0.0652173913043478,3.27536231884058,4.934782608695652,1.5289855072463767,3.652173913043478,1.5434782608695652,1.4673913043478262,1.634057971014493,1.0326086956521738,0.4094202898550724,,,,,0.0652173913043478,,0.3115942028985507,0.0652173913043478,,,0.2909782608695652,1.5434782608695652,1.4673913043478262,1.634057971014493,1.0326086956521738,method,,,850c428813238224e7e22993c634cd1c9faa60f7,2019-09-10 14:53:55-07:00,0.1911462696734815,0.4397704054374752
1.296875,1.265625,1.375,1.015625,7.515625,0.15625,6.625,0.578125,1.203125,7.375,5.03125,0.21875,,0.28125,0.53125,,,,4.046875,1.25,4.328125,21.734375,0.0625,1.125,1.53125,1.609375,,61.921875,7.265625,44.15625,10.28125,28.59375,10.6875,,,,17.1875,25.65625,9.6875,17.390625,,,,,,2.109375,1.828125,2.265625,1.15625,,1.75,0.609375,,12.375,10.75,0.1171875,6.734375,6.40625,7.046875,4.5,class,,,850c428813238224e7e22993c634cd1c9faa60f7,2019-09-10 14:53:55-07:00,0.1911462696734815,0.4397704054374752
,,,,,,,,,,,,68.0,,,,,,,,,,,,,,,,,,,,,,,,,,,,,,,,,,,,,,,,,,,,,,,,project,15.0,14.0,850c428813238224e7e22993c634cd1c9faa60f7,2019-09-10 14:53:55-07:00,0.1911462696734815,0.4397704054374752
