framework,projeto,AvgCyclomatic,AvgCyclomaticModified,AvgCyclomaticStrict,AvgEssential,AvgLine,AvgLineBlank,AvgLineCode,AvgLineComment,CountClassBase,CountClassCoupled,CountClassCoupledModified,CountClassDerived,CountDeclClass,CountDeclClassMethod,CountDeclClassVariable,CountDeclExecutableUnit,CountDeclFile,CountDeclFunction,CountDeclInstanceMethod,CountDeclInstanceVariable,CountDeclMethod,CountDeclMethodAll,CountDeclMethodDefault,CountDeclMethodPrivate,CountDeclMethodProtected,CountDeclMethodPublic,CountInput,CountLine,CountLineBlank,CountLineCode,CountLineCodeDecl,CountLineCodeExe,CountLineComment,CountOutput,CountPath,CountPathLog,CountSemicolon,CountStmt,CountStmtDecl,CountStmtExe,Cyclomatic,CyclomaticModified,CyclomaticStrict,Essential,Knots,MaxCyclomatic,MaxCyclomaticModified,MaxCyclomaticStrict,MaxEssential,MaxEssentialKnots,MaxInheritanceTree,MaxNesting,MinEssentialKnots,PercentLackOfCohesion,PercentLackOfCohesionModified,RatioCommentToCode,SumCyclomatic,SumCyclomaticModified,SumCyclomaticStrict,SumEssential,?,numberOfJavaFiles
Android,exallium/RxRecyclerView,18,18,19,16,99,1,86,8,0,0,0,0,31,2,9,81,0,82,82,29,84,0,2,6,8,68,0,1389,173,693,310,307,529,0,0,0,353,492,284,208,0,0,0,0,0,55,50,58,23,0,0,17,0,0,0,17,766,129,122,133,88,17
Android,torryharris/Skycons,53,52,55,28,437,82,318,36,0,0,0,0,45,0,7,134,0,134,134,225,134,0,0,21,15,98,0,3911,976,2614,700,1809,407,0,0,0,1772,2108,661,1447,0,0,0,0,0,205,202,221,55,0,0,34,0,0,0,0,664,369,351,399,161,28
Android,chentao0707/SettingView,34,34,34,15,250,27,207,8,0,0,0,0,39,0,2,154,0,161,161,122,161,0,3,27,6,125,0,2602,454,2085,619,1261,93,0,0,0,1168,1578,615,963,0,0,0,0,0,141,137,143,17,0,0,30,0,0,0,0,60,397,393,399,156,15
Android,alt236/Bluetooth-LE-Library---Android,120,89,122,75,843,43,743,33,0,0,0,0,97,54,563,374,0,371,327,153,381,0,6,42,11,322,0,6111,874,4504,1970,2709,745,0,0,0,2971,3579,1852,1727,0,0,0,0,0,218,148,225,108,0,0,40,0,0,0,4,969,621,528,636,426,77
Android,yazhidev/Practice,62,52,63,42,445,27,360,40,0,0,0,0,69,6,4,242,0,242,236,204,242,0,0,44,49,149,0,4068,534,2909,1093,1634,630,0,0,0,1826,2266,1069,1197,0,0,0,0,0,151,125,161,58,0,0,42,0,0,0,0,727,438,408,454,263,42
Android,qkxyjren/LikeView,13,13,14,13,110,5,84,18,0,0,0,0,27,1,23,118,0,120,119,95,120,0,2,30,5,83,0,1682,198,1191,459,635,302,0,0,0,724,911,439,472,0,0,0,0,0,40,36,44,13,0,0,8,0,0,0,3,422,182,173,190,118,14
Android,toddway/ListOfThings,55,55,57,51,249,1,240,1,0,0,0,0,84,35,6,291,0,330,284,102,319,0,47,25,17,230,0,2913,553,2156,1020,832,217,0,0,0,1101,1552,957,595,0,0,0,0,0,99,99,116,58,0,0,35,0,0,0,1,718,395,395,418,303,58
Android,hongyangAndroid/android-percent-support-extend,12,12,12,10,89,4,75,5,0,0,0,0,26,13,13,85,0,85,73,38,86,0,1,17,12,56,0,1723,226,1177,369,552,321,0,0,0,494,692,316,376,0,0,0,0,0,32,32,34,11,0,0,11,0,0,0,0,693,184,181,192,86,16
Android,jacek-marchwicki/JavaWebsocketClient,50,50,50,47,309,4,262,28,0,0,0,0,129,12,3,307,0,323,313,90,325,0,13,22,1,289,0,4147,623,2515,1091,1133,1013,0,0,0,1106,1544,932,612,0,0,0,0,0,90,90,99,74,0,0,19,0,0,0,33,2050,377,377,387,337,50
Android,codeka/wwmmo,486,482,517,319,3237,158,2709,238,0,0,0,0,496,132,245,1946,0,2006,1794,999,1926,0,119,268,113,1426,0,33814,4799,25026,9064,14135,4163,0,0,0,12637,16987,8453,8534,0,0,0,0,0,1173,1164,1318,590,0,0,431,0,0,0,85,4812,4002,3934,4303,2435,285
Android,sphinx02/AppStarter,37,37,45,25,430,25,329,59,0,0,0,0,84,30,16,240,0,248,220,92,250,0,3,23,8,216,0,4866,654,3429,1027,1618,797,0,0,0,1596,2107,1045,1062,0,0,0,0,0,123,123,153,53,0,0,55,0,0,0,0,632,476,468,523,268,25
Android,sockeqwe/mosby,377,377,381,338,2456,176,1987,196,0,0,0,0,665,69,181,2386,0,2615,2459,748,2528,0,204,149,263,1912,0,34510,5596,19767,8602,8803,9221,0,0,0,10584,14180,8122,6058,0,0,0,0,0,765,758,814,443,0,0,226,0,0,0,243,15771,3253,3243,3352,2528,416
Android,D-clock/AndroidStudyCode,29,29,29,18,210,18,163,28,0,0,0,0,27,5,15,84,0,82,79,30,84,0,0,25,12,47,0,1555,243,1086,492,604,244,0,0,0,665,845,466,379,0,0,0,0,0,65,65,65,22,0,0,17,0,0,0,0,454,163,163,165,88,18
Android,milaptank/SpannableTextView,5,5,6,5,81,8,64,6,0,0,0,0,8,0,3,62,0,63,63,41,63,0,1,4,1,57,0,818,139,510,181,275,170,0,0,0,273,360,180,180,0,0,0,0,0,14,14,14,5,0,0,2,0,0,0,0,101,77,77,78,62,6
Android,senzhk/ADBKeyBoard,7,7,7,1,25,3,22,0,0,0,0,0,2,0,0,3,0,3,3,6,3,0,0,0,0,3,0,104,14,90,39,55,0,0,0,0,47,70,37,33,0,0,0,0,0,17,17,17,1,0,0,3,0,0,0,0,0,21,21,21,3,1
Android,brianwernick/ExoMedia,56,54,61,43,342,22,227,69,0,0,0,0,113,23,38,909,0,1022,1005,246,1028,0,111,14,94,809,0,11814,1747,6734,2985,2685,3338,0,0,0,3104,4550,2338,2212,0,0,0,0,0,167,147,209,84,0,0,48,0,0,0,80,2476,1403,1376,1515,984,56
Android,seatgeek/android-PlacesAutocompleteTextView,110,105,111,70,344,19,313,6,0,0,0,0,76,6,25,267,0,280,286,155,292,0,48,15,15,214,0,4290,639,3296,1300,1790,358,0,0,0,1790,2327,1068,1259,0,0,0,0,0,264,223,271,133,0,0,40,0,0,0,4,660,675,582,689,358,57
Android,manmal/hn-android,98,95,111,73,537,41,456,33,0,0,0,0,105,66,85,382,0,384,328,180,394,0,6,48,43,297,0,5160,891,4037,1695,2068,259,0,0,0,2145,2899,1504,1395,0,0,0,0,0,190,182,222,116,0,0,65,0,0,0,1,330,704,685,780,458,55
Android,codesoup/android-cubic-bezier-interpolator,1,1,1,1,5,0,5,0,0,0,0,0,1,0,0,8,0,8,8,5,8,0,0,2,2,4,0,71,11,57,20,28,3,0,0,0,32,45,20,25,0,0,0,0,0,3,3,5,3,0,0,2,0,0,0,0,5,12,12,14,10,1
Android,anzaizai/EasyRefreshLayout,23,22,25,21,142,7,123,5,0,0,0,0,53,15,17,186,0,194,185,106,200,0,14,40,9,137,0,2569,459,1827,661,950,289,0,0,0,1040,1373,653,720,0,0,0,0,0,70,58,85,32,0,0,18,0,0,0,6,439,330,311,378,206,23
Android,jshvarts/OfflineSampleApp,28,28,29,27,118,4,107,1,0,0,0,0,38,8,11,106,0,119,101,39,109,0,29,8,6,66,0,1196,265,880,517,251,55,0,0,0,460,603,439,164,0,0,0,0,0,39,39,42,29,0,0,12,0,0,0,0,195,121,121,124,108,35
Android,tokudu/AndroidPushNotificationsDemo,4,4,4,3,31,2,25,1,0,0,0,0,7,4,23,42,0,42,38,12,42,0,0,17,2,23,0,667,103,451,170,264,114,0,0,0,259,336,159,177,0,0,0,0,0,9,9,9,3,0,0,4,0,0,0,0,40,77,77,82,42,3
Android,ShawnLin013/NumberPicker,4,4,4,3,52,5,32,13,0,0,0,0,18,4,46,202,0,205,201,117,205,0,3,53,18,131,0,3554,444,2141,651,1319,976,0,0,0,1127,1549,602,947,0,0,0,0,0,29,28,48,15,0,0,8,0,0,0,0,149,424,412,465,249,3
Android,florina-muntenescu/MVPvsMVVM,8,8,8,8,34,2,31,0,0,0,0,0,11,0,0,27,0,31,31,15,31,0,4,8,6,13,0,344,90,239,151,53,15,0,0,0,128,166,118,48,0,0,0,0,0,8,8,8,8,0,0,0,0,0,0,0,157,27,27,27,27,11
Android,NikoYuwono/ToolbarPanel,7,7,7,6,30,0,27,0,0,0,0,0,10,0,5,35,0,38,38,14,38,0,4,2,4,28,0,502,81,344,144,167,79,0,0,0,178,249,129,120,0,0,0,0,0,12,12,13,8,0,0,3,0,0,0,3,169,64,63,70,37,7
Android,tyczj/MapNavigator,9,8,9,5,41,3,32,3,0,0,0,0,9,0,0,48,0,45,49,44,49,0,0,7,2,40,0,626,129,448,172,226,50,0,0,0,236,338,173,165,0,0,0,0,0,42,42,43,7,0,0,16,0,0,0,0,31,103,99,104,50,5
Android,penglu20/Bigbang,326,316,354,212,2190,73,1867,172,0,0,0,0,682,343,567,2559,0,2648,2306,1286,2649,0,144,402,176,1927,0,43829,5828,30018,10061,18065,8181,0,0,0,16970,22534,10050,12484,0,0,0,0,0,1119,1054,1248,528,0,0,358,0,0,0,40,4443,5419,5276,5864,3149,232
Android,MiEcosystem/NewXmPluginSDK,221,187,226,156,1324,47,1126,101,0,0,0,0,619,82,473,1891,0,2442,2370,889,2452,0,177,160,63,2052,0,31334,4470,19842,6907,11179,7113,0,0,0,10112,13842,6561,7281,0,0,0,0,0,627,537,705,344,0,0,202,0,0,0,63,3467,3648,3467,3900,2296,176
Android,xxxyanchenxxx/QqDecrpt,23,23,24,13,99,5,92,1,0,0,0,0,11,9,15,20,0,20,11,4,20,0,0,5,1,14,0,491,70,390,118,231,31,0,0,0,193,279,119,160,0,0,0,0,0,33,33,36,21,0,0,10,0,0,0,0,230,80,80,90,44,9
Android,frostwire/frostwire,1868,1825,2090,1322,11265,97,8944,1931,0,0,0,0,2462,2570,2818,14542,0,15321,12305,4632,14875,0,2394,3126,750,8605,0,238936,22493,144746,49928,81584,73125,0,0,0,75290,106333,46708,59625,0,0,0,0,0,5818,5470,6875,2945,0,0,1985,0,0,0,815,52407,30477,29827,34069,18545,1361
Android,gowong/material-sheet-fab,26,25,26,23,168,4,123,29,0,0,0,0,55,20,33,236,0,258,242,66,262,0,20,30,28,184,0,2879,457,1822,751,847,600,0,0,0,837,1201,664,537,0,0,0,0,0,62,58,69,31,0,0,19,0,0,0,6,716,346,338,359,244,24
Android,kaelaela/OpenGraphView,28,28,30,23,125,1,124,0,0,0,0,0,27,4,4,96,0,97,95,56,99,0,6,15,6,72,0,1101,142,949,363,498,12,0,0,0,529,706,357,349,0,0,0,0,0,51,51,57,33,0,0,16,0,0,0,0,90,170,170,185,114,18
Android,blazsolar/HorizontalPicker,3,3,3,2,16,2,14,0,0,0,0,0,10,0,15,83,0,85,85,45,85,0,11,26,14,34,0,1369,295,957,305,578,122,0,0,0,516,702,283,419,0,0,0,0,0,25,22,29,8,0,0,4,0,0,0,0,76,194,179,219,100,2
Android,omkarmoghe/Pokemap,51,47,55,38,307,20,265,13,0,0,0,0,100,17,57,328,0,363,346,129,363,0,38,43,10,272,0,4590,814,3306,1339,1712,493,0,0,0,1760,2352,1302,1050,0,0,0,0,0,121,117,137,56,0,0,35,0,0,0,3,590,561,552,604,352,42
Android,nshmura/RecyclerTabLayout,23,21,23,21,202,12,183,0,0,0,0,0,40,12,12,139,0,137,127,75,139,0,1,4,19,115,0,2025,348,1635,701,861,47,0,0,0,864,1086,630,456,0,0,0,0,0,49,41,53,23,0,0,15,0,0,0,0,167,205,195,213,143,22
Android,CoXier/LowPoly,7,7,7,6,59,1,53,5,0,0,0,0,6,2,0,6,0,7,5,0,7,0,0,0,1,6,0,137,20,97,56,40,20,0,0,0,68,81,53,28,0,0,0,0,0,7,7,7,6,0,0,1,0,0,0,0,161,7,7,7,6,6
Android,AppLozic/Applozic-Android-SDK,555,551,639,319,3043,155,2618,175,0,0,0,0,819,338,975,4666,0,4800,4514,2358,4852,0,228,190,220,4214,0,63947,9431,50465,17105,28473,4186,0,0,0,26243,36411,16317,20094,0,0,0,0,0,1937,1908,2366,752,0,0,546,0,0,0,3,4361,10026,9941,11565,5596,322
Android,maksim88/PasswordEditText,3,2,3,2,14,0,12,1,0,0,0,0,5,0,4,25,0,25,25,16,25,0,0,6,2,17,0,334,63,240,91,123,31,0,0,0,131,174,84,90,0,0,0,0,0,11,10,12,2,0,0,4,0,0,0,0,14,48,47,49,25,2
Android,HITGIF/TextFieldBoxes,10,10,11,10,62,5,50,3,0,0,0,0,21,4,0,133,0,134,130,66,134,0,4,8,27,95,0,1875,341,1233,376,739,305,0,0,0,692,906,364,542,0,0,0,0,0,29,29,31,10,0,0,9,0,0,0,1,294,218,218,235,133,11
Android,payatu/diva-android,28,27,28,20,208,12,177,12,0,0,0,0,22,0,14,49,0,51,51,5,51,0,0,1,17,33,0,1538,143,755,372,351,642,0,0,0,445,555,338,217,0,0,0,0,0,52,51,55,20,0,0,18,0,0,0,14,976,95,91,98,49,21
Android,requery/sqlite-android,60,51,64,40,538,11,374,136,0,0,0,0,116,116,151,675,0,771,657,212,773,0,72,168,24,509,0,14840,1597,8443,2811,4938,4897,0,0,0,4270,5854,2322,3532,0,0,0,0,0,195,176,211,88,0,0,69,0,0,0,32,1417,1391,1365,1481,765,38
Android,uber/rave,164,164,170,125,826,0,719,89,0,0,0,0,203,50,110,743,0,758,706,254,756,0,105,115,55,481,0,11450,1376,7981,3782,3628,2113,0,0,0,4090,5581,3084,2497,0,0,0,0,0,337,337,354,186,0,0,100,0,0,0,55,2801,1236,1235,1324,875,148
Android,JakeWharton/SwipeToDismissNOA,6,5,6,4,65,3,52,7,0,0,0,0,16,0,0,23,0,25,25,30,25,0,2,2,1,20,0,712,72,437,133,282,206,0,0,0,255,314,145,169,0,0,0,0,0,33,29,38,18,0,0,4,0,0,0,0,134,57,53,62,38,3
Android,JorenSix/TarsosDSP,398,397,426,232,3243,200,2407,554,0,0,0,0,509,194,155,1803,0,1832,1652,1029,1846,0,58,251,49,1488,0,45206,5517,26936,9240,17699,13107,0,0,0,18659,22934,9769,13165,0,0,0,0,0,1114,1114,1247,328,0,0,390,0,0,0,746,8870,4079,4054,4336,1981,250
Android,tarek360/RichPath,38,33,40,23,249,19,201,22,0,0,0,0,32,57,10,260,0,265,208,87,265,0,32,34,6,193,0,3367,616,2432,807,1451,341,0,0,0,1297,1745,798,947,0,0,0,0,0,118,77,137,36,0,0,28,0,0,0,1,507,473,423,504,291,23
Android,MOLO17/CustomizableCalendar,36,25,36,20,126,3,113,4,0,0,0,0,41,3,1,198,0,246,237,92,240,0,51,21,1,167,0,2224,428,1631,803,609,165,0,0,0,860,1177,708,469,0,0,0,0,0,69,58,76,25,0,0,23,0,0,0,1,811,295,283,309,203,33
Android,quiqueqs/BabushkaText,2,2,2,2,77,4,64,8,0,0,0,0,5,0,2,29,0,29,29,21,29,0,0,2,1,26,0,585,65,318,93,204,202,0,0,0,156,201,96,105,0,0,0,0,0,7,7,7,2,0,0,1,0,0,0,0,111,38,38,39,29,2
Android,Beseting/PhotoBrowse,10,9,10,9,74,2,61,12,0,0,0,0,17,7,7,29,0,29,22,11,29,0,0,2,2,25,0,469,65,328,153,163,87,0,0,0,205,248,147,101,0,0,0,0,0,16,13,16,9,0,0,0,0,0,0,0,366,36,33,36,29,10
Android,markzhai/init,19,19,20,17,136,2,97,29,0,0,0,0,27,38,36,113,0,119,81,36,119,0,6,3,10,100,0,1613,222,915,342,457,476,0,0,0,431,654,342,312,0,0,0,0,0,53,53,55,26,0,0,24,0,0,0,10,760,193,193,195,129,19
Android,47deg/appsly-android-rest,83,82,86,52,413,7,356,39,0,0,0,0,112,55,49,408,0,446,395,167,450,0,44,68,20,318,0,7590,1077,4244,1705,2126,2337,0,0,0,2151,3030,1536,1494,0,0,0,0,0,213,205,234,105,0,0,71,0,0,0,57,3650,822,812,885,518,74
Android,LuckyJayce/GuideHelper,7,7,7,4,47,3,40,3,0,0,0,0,13,11,4,48,0,48,37,24,48,0,0,3,2,43,0,787,109,597,186,368,81,0,0,0,343,455,189,266,0,0,0,0,0,47,39,50,10,0,0,7,0,0,0,0,55,110,102,119,58,4
Android,consenlabs/token-core-android,123,122,131,92,825,44,735,13,0,0,0,0,105,142,167,698,0,712,573,159,715,0,41,79,5,590,0,9990,1798,7803,3342,4455,399,0,0,0,4609,5900,3133,2767,0,0,0,0,0,307,306,337,167,0,0,116,0,0,0,1,781,1198,1189,1262,812,97
Android,Xiaofei-it/Hermes,88,79,91,58,412,3,396,3,0,0,0,0,121,65,78,302,0,325,260,77,325,0,23,33,25,244,0,5067,734,3311,1278,1706,1025,0,0,0,1712,2384,1252,1132,0,0,0,0,0,189,177,203,100,0,0,69,0,0,0,22,2240,587,575,618,384,67
Android,orhanobut/bee,22,22,22,21,126,9,109,2,0,0,0,0,47,15,11,140,0,149,134,43,149,0,26,20,1,102,0,1536,343,1105,549,455,89,0,0,0,615,828,530,298,0,0,0,0,0,41,38,41,30,0,0,10,0,0,0,0,266,174,171,178,152,27
Android,omadahealth/CircularBarPager,14,14,18,9,83,2,62,14,0,0,0,0,16,1,26,106,0,104,105,61,106,0,1,7,11,87,0,1859,243,928,340,513,690,0,0,0,549,719,333,386,0,0,0,0,0,38,35,44,11,0,0,15,0,0,0,2,518,167,163,180,110,9
Android,MartinRGB/GiftCard-Android,2,2,2,2,20,3,16,0,0,0,0,0,33,0,93,24,0,24,24,16,24,0,1,0,1,22,0,469,74,374,188,260,21,0,0,0,254,294,199,95,0,0,0,0,0,2,2,2,2,0,0,0,0,0,0,0,81,24,24,24,24,4
Android,tibi1712/FoldingNavigationDrawer-Android,2,2,2,2,19,1,15,2,0,0,0,0,40,0,1242,16,0,16,16,7,16,0,0,1,2,13,0,3961,170,1528,1405,1329,2270,0,0,0,1336,1392,1348,44,0,0,0,0,0,3,3,3,2,0,0,1,0,0,0,2,274,18,18,18,16,6
Android,cattong/YiBo,1405,1332,1561,733,8657,544,7355,628,0,0,0,0,917,654,1083,5227,0,5419,4823,2266,5477,0,266,472,425,4314,0,88426,13382,68964,26827,39218,7112,0,0,0,39013,51206,24231,26975,0,0,0,0,0,3301,3085,3785,1312,0,0,1015,0,0,0,56,6651,11976,11654,13306,6342,647
Android,ksvc/KSYStreamer_Android,151,132,155,117,774,13,673,57,0,0,0,0,217,24,155,982,0,987,967,555,991,0,7,78,167,739,0,16850,1825,11862,3296,7615,3253,0,0,0,4945,6602,2910,3692,0,0,0,0,0,361,264,381,157,0,0,61,0,0,0,7,4080,1702,1526,1797,1038,118
Android,ruboto/ruboto-irb,63,63,68,43,401,10,324,51,0,0,0,0,92,67,80,436,0,451,384,96,451,0,8,67,7,369,0,8230,856,6299,1454,4116,1096,0,0,0,3305,4773,1447,3326,0,0,0,0,0,190,182,205,99,0,0,59,0,0,0,8,380,1462,1447,1509,972,36
Android,aliyun/alicloud-android-demo,53,50,56,44,500,20,358,102,0,0,0,0,108,34,44,308,0,317,283,83,317,0,8,51,44,214,0,4488,561,3269,1261,1792,693,0,0,0,1778,2302,1206,1096,0,0,0,0,0,146,122,150,56,0,0,52,0,0,0,3,929,516,472,535,335,47
Android,sbakhtiarov/gif-movie-view,2,2,2,2,15,1,11,1,0,0,0,0,2,0,1,22,0,22,22,11,22,0,0,4,6,12,0,313,63,194,78,96,56,0,0,0,102,140,65,75,0,0,0,0,0,7,7,7,2,0,0,3,0,0,0,0,36,36,36,36,22,2
Android,google/android-classyshark,184,176,199,128,1073,112,902,17,0,0,0,0,212,158,182,848,0,895,757,314,915,0,71,166,15,663,0,14099,2363,9290,3802,5006,2478,0,0,0,5019,6739,3593,3146,0,0,0,0,0,442,411,484,192,0,0,168,0,0,0,39,4381,1553,1509,1641,984,133
Android,pavlospt/RxFile,4,4,4,3,24,0,23,0,0,0,0,0,25,39,38,80,0,78,41,3,80,0,0,27,2,51,0,951,109,713,243,440,133,0,0,0,352,488,243,245,0,0,0,0,0,24,24,26,11,0,0,9,0,0,0,0,64,133,133,139,95,4
Android,ricknout/lens-launcher,53,51,60,37,277,1,268,4,0,0,0,0,73,53,67,328,0,329,280,145,333,0,6,64,18,245,0,4052,543,3355,1284,1788,156,0,0,0,1735,2361,1196,1165,0,0,0,0,0,146,133,162,61,0,0,49,0,0,0,0,282,599,575,644,375,35
Android,sdwfqin/AndroidQuick,173,152,185,119,1062,37,817,167,0,0,0,0,195,114,142,917,0,1000,851,402,965,0,66,96,99,704,0,13863,2047,8719,3504,4467,3175,0,0,0,4710,6308,3289,3019,0,0,0,0,0,393,345,439,188,0,0,140,0,0,0,22,4320,1525,1446,1622,1010,126
Android,hitherejoe/Notifi,9,9,9,8,46,2,43,0,0,0,0,0,16,3,10,49,0,54,51,8,54,0,9,6,3,36,0,718,160,532,301,236,27,0,0,0,260,334,230,104,0,0,0,0,0,15,15,15,8,0,0,5,0,0,0,1,275,58,58,58,49,15
Android,andrebts/login-basics,13,13,14,8,72,5,58,6,0,0,0,0,21,2,5,58,0,58,56,35,58,0,3,8,12,35,0,1077,159,770,305,420,149,0,0,0,424,547,270,277,0,0,0,0,0,31,31,32,11,0,0,7,0,0,0,0,260,124,119,131,63,9
Android,tvbarthel/ChaseWhisplyProject,165,124,172,107,1011,51,855,52,0,0,0,0,201,72,263,1096,0,1153,1081,351,1153,0,28,78,124,923,0,13026,2149,9711,3722,5281,1175,0,0,0,5338,7044,3429,3615,0,0,0,0,0,412,314,430,146,0,0,113,0,0,0,0,993,1735,1567,1777,1157,111
Android,matthewrkula/AnimatedPathView,2,2,2,2,28,2,25,0,0,0,0,0,4,0,0,13,0,13,13,6,13,0,0,1,2,10,0,181,35,139,52,86,7,0,0,0,85,106,51,55,0,0,0,0,0,5,5,5,2,0,0,1,0,0,0,0,7,19,19,20,13,2
Android,yewei02538/HiPermission,12,12,12,11,67,2,59,2,0,0,0,0,22,3,9,87,0,91,88,42,91,0,4,18,6,63,0,1057,157,820,324,453,88,0,0,0,440,592,314,278,0,0,0,0,0,42,37,42,13,0,0,7,0,0,0,0,332,146,141,151,91,13
Android,kaaes/spotify-web-api-android,69,69,71,67,301,10,273,5,0,0,0,0,170,14,71,477,0,655,641,214,655,0,181,22,57,395,0,6950,1220,4252,2274,1883,1497,0,0,0,2339,2977,1956,1021,0,0,0,0,0,99,98,109,74,0,0,21,0,0,0,5,449,551,550,591,490,70
Android,jaikydota/Android-ImagesPickers,35,35,38,24,236,14,198,15,0,0,0,0,46,18,16,180,0,188,170,137,188,0,8,15,8,157,0,2816,548,2062,761,1121,216,0,0,0,1132,1501,733,768,0,0,0,0,0,84,81,93,36,0,0,34,0,0,0,0,218,344,341,377,201,23
Android,AndroidMsky/RandomTextView,8,8,8,7,42,6,34,2,0,0,0,0,8,0,4,25,0,25,25,17,25,0,0,4,3,18,0,459,124,277,110,138,58,0,0,0,177,228,107,121,0,0,0,0,0,15,15,16,7,0,0,5,0,0,0,0,251,46,44,48,25,7
Android,yaa110/Piclice,16,16,17,11,151,20,125,0,0,0,0,0,37,8,7,60,0,64,56,30,64,0,0,3,2,59,0,910,186,719,290,393,5,0,0,0,400,516,288,228,0,0,0,0,0,38,38,40,13,0,0,10,0,0,0,0,8,99,99,101,62,11
Android,AlexKorovyansky/android-fb-like-slideout-navigation,8,8,8,7,49,0,47,1,0,0,0,0,11,2,3,30,0,30,28,8,30,0,0,0,1,29,0,349,61,284,123,137,4,0,0,0,153,198,117,81,0,0,0,0,0,13,13,13,7,0,0,4,0,0,0,0,15,39,39,39,30,7
Android,linroid/FilterMenu,7,7,7,6,36,0,32,1,0,0,0,0,17,6,6,108,0,113,109,56,115,0,13,19,10,73,0,1398,186,1049,380,591,164,0,0,0,570,764,363,401,0,0,0,0,0,30,30,31,16,0,0,7,0,0,0,0,162,193,191,206,122,7
Android,flavienlaurent/singleinputform,1,1,1,1,7,0,6,0,0,0,0,0,15,0,2,30,0,31,31,19,31,0,1,14,3,13,0,298,43,255,77,151,0,0,0,0,138,179,79,100,0,0,0,0,0,4,4,4,1,0,0,2,0,0,0,0,0,38,38,40,30,1
Android,cping/LGame,7304,6949,8073,4714,40013,1127,36253,1760,0,0,0,0,7067,9956,9319,83412,0,88308,78889,30669,88845,0,3104,3809,2720,79212,0,1073340,150330,774311,227822,453774,150721,0,0,0,399349,565051,217430,347621,0,0,0,0,0,31362,28827,36842,12284,0,0,8421,0,0,0,1536,122837,168042,162844,184705,102225,4749
Android,ww6015132/SilkySignature,17,17,18,14,123,4,92,22,0,0,0,0,20,2,3,77,0,80,78,47,80,0,3,17,2,58,0,1250,205,905,354,553,144,0,0,0,545,701,350,351,0,0,0,0,0,45,45,48,35,0,0,12,0,0,0,1,310,143,141,147,107,14
Android,iDevicesInc/SweetBlue,368,353,399,284,2850,137,2485,126,0,0,0,0,942,423,637,4642,0,4750,4437,1748,4860,0,786,442,211,3421,0,64973,9702,43135,11996,17812,12425,0,0,0,16261,23998,11098,12900,0,0,0,0,0,1168,1098,1333,619,0,0,420,0,0,0,268,5395,7854,7669,8425,5406,299
Android,vikramkakkar/ImageTransition,22,21,22,15,139,13,102,19,0,0,0,0,20,4,7,69,0,67,65,31,69,0,5,10,5,49,0,1275,207,696,292,326,375,0,0,0,353,485,253,232,0,0,0,0,0,40,37,41,24,0,0,15,0,0,0,3,536,123,120,126,82,14
Android,mikepenz/ItemAnimators,24,23,25,19,132,1,122,15,0,0,0,0,47,3,3,218,0,227,226,74,229,0,4,28,2,195,0,2630,311,2049,692,1163,304,0,0,0,1082,1477,654,823,0,0,0,0,0,67,63,75,27,0,0,12,0,0,0,1,328,374,370,418,230,20
Android,andraskindler/quickscroll,19,19,21,17,130,12,109,3,0,0,0,0,26,60,30,190,0,192,132,46,192,0,31,8,7,146,0,1953,337,1496,613,752,123,0,0,0,854,1156,581,575,0,0,0,0,0,46,44,54,22,0,0,12,0,0,0,4,115,291,289,312,195,20
Android,ganyao114/SandHook,276,274,298,186,1756,22,1060,624,0,0,0,0,267,2139,595,3545,0,3625,1484,389,3623,0,192,213,216,3002,0,72368,6012,29235,8447,16407,37287,0,0,0,13674,21493,8343,13150,0,0,0,0,0,876,864,1021,506,0,0,249,0,0,0,175,5604,7764,7741,8649,5367,172
Android,MindorksOpenSource/AndroidTensorFlowMNISTExample,11,11,11,10,83,5,67,7,0,0,0,0,17,2,10,59,0,63,61,37,63,0,4,14,4,41,0,926,168,549,242,282,215,0,0,0,317,414,226,188,0,0,0,0,0,27,27,27,15,0,0,8,0,0,0,3,317,87,87,87,66,8
Android,hitherejoe/AndroidTvBoilerplate,31,31,32,31,180,5,167,1,0,0,0,0,63,12,11,142,0,155,143,63,155,0,25,21,4,105,0,1921,398,1451,809,516,73,0,0,0,830,1049,725,324,0,0,0,0,0,47,46,51,31,0,0,14,0,0,0,1,377,177,176,182,142,42
Android,z56402344/AnimTextView,4,4,5,3,18,0,17,1,0,0,0,0,3,0,1,19,0,19,19,12,19,0,0,5,4,10,0,240,34,187,72,104,28,0,0,0,121,158,71,87,0,0,0,0,0,12,12,15,6,0,0,4,0,0,0,0,56,42,42,47,22,3
Android,codekidX/storage-chooser,33,27,35,24,199,12,156,24,0,0,0,0,72,17,79,319,0,310,305,184,322,0,10,54,6,252,0,3624,648,2613,999,1371,363,0,0,0,1411,1886,965,921,0,0,0,0,0,109,73,113,28,0,0,25,0,0,0,0,484,494,452,513,332,24
Android,lukaspili/Reactive-Billing,54,44,55,38,275,14,254,2,0,0,0,0,75,15,4,186,0,187,176,83,191,0,13,17,17,144,0,2145,403,1617,670,728,126,0,0,0,839,1122,639,483,0,0,0,0,0,76,65,79,40,0,0,21,0,0,0,0,410,257,245,263,190,36
Android,jiang111/ProgressView,7,7,7,6,44,3,35,4,0,0,0,0,8,5,9,28,0,28,23,21,28,0,0,8,3,17,0,544,90,270,126,137,185,0,0,0,173,218,121,97,0,0,0,0,0,12,12,12,9,0,0,4,0,0,0,2,241,38,38,38,31,6
Android,TakuSemba/MultiSnapRecyclerView,11,11,13,9,57,0,48,7,0,0,0,0,10,1,0,38,0,45,46,10,47,0,32,0,4,11,0,552,72,346,161,153,134,0,0,0,167,231,136,95,0,0,0,0,0,28,26,32,15,0,0,7,0,0,0,4,238,74,72,82,50,9
Android,Slyce-Inc/SlyceMessaging,63,63,68,51,377,20,332,14,0,0,0,0,75,20,11,218,0,223,207,106,227,0,1,29,13,184,0,2925,488,2259,1017,1057,199,0,0,0,1316,1697,959,738,0,0,0,0,0,134,130,158,68,0,0,35,0,0,0,0,961,353,347,393,236,55
Android,mkch/android-wifi-connecter,30,28,35,19,150,5,128,8,0,0,0,0,31,22,27,104,0,114,94,39,116,0,7,19,3,87,0,1985,303,1304,471,719,381,0,0,0,664,913,427,486,0,0,0,0,0,79,73,94,46,0,0,27,0,0,0,1,519,257,241,296,168,15
Android,xiongwei-git/GankApp,29,29,31,27,163,2,143,9,0,0,0,0,60,23,35,347,0,353,332,158,355,0,12,58,19,266,0,4506,687,3018,1257,1472,806,0,0,0,1593,2160,1103,1057,0,0,0,0,0,79,73,89,47,0,0,34,0,0,0,4,618,528,516,557,376,28
Android,androidthings/sample-tensorflow-imageclassifier,15,13,16,9,101,2,77,15,0,0,0,0,29,13,28,81,0,82,69,37,82,0,6,11,2,63,0,1457,182,990,373,547,287,0,0,0,523,705,357,348,0,0,0,0,0,42,40,44,14,0,0,14,0,0,0,0,390,161,157,167,86,9
Android,mdg-iitr/RotatingText,14,14,14,11,86,8,71,4,0,0,0,0,23,1,1,96,0,96,95,46,96,0,0,11,3,82,0,1174,237,872,273,500,67,0,0,0,498,675,292,383,0,0,0,0,0,29,29,36,11,0,0,12,0,0,0,0,235,165,165,177,98,9
Android,dimorinny/show-case-card-view,22,22,24,22,156,4,144,2,0,0,0,0,44,15,6,143,0,149,128,69,143,0,8,34,2,99,0,1746,308,1375,557,661,63,0,0,0,617,850,492,358,0,0,0,0,0,50,48,54,29,0,0,20,0,0,0,0,58,215,212,232,158,24
Android,litesuits/android-lite-go,7,7,7,6,40,1,32,6,0,0,0,0,16,9,9,55,0,52,47,22,56,0,1,4,4,47,0,779,91,484,144,282,204,0,0,0,231,328,143,185,0,0,0,0,0,25,18,25,14,0,0,5,0,0,0,6,273,97,89,97,63,6
Android,medyo/android-about-page,6,6,7,5,56,3,39,11,0,0,0,0,6,2,0,53,0,53,51,16,53,0,4,2,1,46,0,965,127,540,187,330,311,0,0,0,325,414,180,234,0,0,0,0,0,23,23,25,6,0,0,7,0,0,0,1,75,86,86,89,55,4
Android,nicolasjafelle/PagingListView,6,6,6,6,38,0,35,1,0,0,0,0,17,0,2,67,0,68,68,18,68,0,1,4,17,46,0,661,123,469,152,236,69,0,0,0,246,343,150,193,0,0,0,0,0,17,15,19,6,0,0,6,0,0,0,0,39,92,90,96,67,6
Android,shangmingchao/PopupList,6,6,6,6,45,0,41,0,0,0,0,0,28,0,26,127,0,133,133,77,133,0,6,14,2,111,0,1461,155,1198,381,720,108,0,0,0,699,898,407,491,0,0,0,0,0,50,50,64,6,0,0,6,0,0,0,0,91,189,189,213,127,6
Android,jpardogo/FlabbyListView,5,5,5,4,28,0,25,1,0,0,0,0,7,0,5,40,0,41,41,29,41,0,0,15,4,22,0,475,69,387,155,191,19,0,0,0,230,299,146,153,0,0,0,0,0,14,14,16,4,0,0,7,0,0,0,0,22,69,65,71,40,4
Android,ankushsachdeva/emojicon,20,16,21,11,111,4,98,4,0,0,0,0,36,10,13,88,0,93,83,37,93,0,4,14,2,73,0,3694,198,3076,360,2642,423,0,0,0,1794,1960,347,1613,0,0,0,0,0,72,51,76,13,0,0,18,0,0,0,3,486,180,153,187,90,17
Android,yangchong211/YCShopDetailLayout,19,19,20,16,138,0,132,4,0,0,0,0,61,6,6,165,0,164,162,106,168,0,12,42,23,91,0,2290,283,1846,610,1039,172,0,0,0,1008,1330,606,724,0,0,0,0,0,68,64,76,26,0,0,24,0,0,0,0,166,323,307,354,203,16
Android,arturogutierrez/Badges,13,13,16,11,71,2,58,7,0,0,0,0,11,2,10,29,0,31,29,4,31,0,0,2,3,26,0,528,78,248,129,99,203,0,0,0,138,185,117,68,0,0,0,0,0,18,18,21,11,0,0,6,0,0,0,5,567,36,36,39,29,11
Android,hnvn/flutter_image_cropper,7,7,8,5,40,1,37,0,0,0,0,0,4,8,1,20,0,20,12,6,20,0,2,12,1,5,0,385,52,308,132,173,26,0,0,0,177,240,125,115,0,0,0,0,0,29,29,32,17,0,0,7,0,0,0,0,22,59,59,63,33,4
Android,SpikeKing/wcl-permission-demo,5,5,5,5,25,0,23,1,0,0,0,0,7,1,7,21,0,21,20,5,21,0,0,8,5,8,0,263,44,181,77,79,49,0,0,0,96,134,76,58,0,0,0,0,0,10,10,11,9,0,0,5,0,0,0,0,146,31,31,34,25,5
Android,secure-software-engineering/FlowDroid,1039,998,1174,720,5886,257,4408,986,0,0,0,0,1033,334,944,7133,0,7443,7191,1699,7525,0,246,697,443,6139,0,108335,14816,70210,28016,40636,23677,0,0,0,37383,53091,25123,27968,0,0,0,0,0,3421,3309,4089,2117,0,0,872,0,0,0,230,20079,14983,14715,16601,10343,627
Android,jacobrosenthal/react-native-ble,8,8,9,6,48,2,31,14,0,0,0,0,11,0,5,45,0,45,45,18,45,0,0,6,6,33,0,973,155,713,263,414,109,0,0,0,395,547,252,295,0,0,0,0,0,21,21,23,12,0,0,7,0,0,0,1,141,132,129,152,72,6
Android,guozhengXia/OkHttpUtils,10,10,11,9,59,3,44,10,0,0,0,0,23,27,9,83,0,86,59,23,86,0,7,14,2,63,0,1040,146,617,244,288,305,0,0,0,305,446,248,198,0,0,0,0,0,22,20,24,9,0,0,5,0,0,0,1,337,128,125,135,83,9
Android,yanzhenjie/NoHttp,182,176,194,140,945,24,760,128,0,0,0,0,228,210,135,1203,0,1304,1110,311,1320,0,140,78,63,1039,0,17337,2233,9198,3883,4169,5952,0,0,0,4593,6643,3512,3131,0,0,0,0,0,446,420,498,220,0,0,160,0,0,0,151,6425,1903,1856,2024,1326,151
Android,eowise/recyclerview-stickyheaders,13,13,16,11,77,8,66,0,0,0,0,0,23,1,1,80,0,84,85,43,86,0,4,5,1,76,0,1238,224,948,524,529,68,0,0,0,406,556,308,248,0,0,0,0,0,37,37,48,21,0,0,15,0,0,0,2,404,135,135,151,90,15
Android,dsandler/markers,25,25,26,13,137,5,121,4,0,0,0,0,36,18,78,271,0,285,267,156,285,0,29,18,18,220,0,3960,580,3066,1072,1933,367,0,0,0,1802,2393,1037,1356,0,0,0,0,0,110,110,122,29,0,0,33,0,0,0,0,335,629,618,659,297,14
Android,getsentry/sentry-java,194,191,198,153,1625,110,1252,202,0,0,0,0,445,95,234,1232,0,1250,1161,553,1256,0,43,104,107,1002,0,19762,2828,13074,5623,6834,3902,0,0,0,7173,9246,4701,4545,0,0,0,0,0,457,455,519,274,0,0,131,0,0,0,33,3759,1869,1862,1988,1388,168
Android,cachapa/ExpandableLayout,11,10,12,10,65,4,53,2,0,0,0,0,20,0,8,66,0,67,67,29,67,0,1,1,5,60,0,837,151,619,272,292,67,0,0,0,312,421,235,186,0,0,0,0,0,28,24,30,11,0,0,9,0,0,0,0,178,108,104,112,68,9
Android,koral--/android-gif-drawable,46,45,48,38,268,3,210,46,0,0,0,0,66,62,16,429,0,477,417,117,479,0,103,69,10,297,0,5330,673,3163,1376,1294,1503,0,0,0,1548,2219,1171,1048,0,0,0,0,0,102,102,114,57,0,0,41,0,0,0,15,1125,616,609,650,462,43
Android,easymock/easymock,232,231,243,196,1456,87,1191,121,0,0,0,0,333,260,111,1648,0,1857,1559,297,1819,0,230,159,33,1397,0,25657,3695,14566,5366,7399,7453,0,0,0,7534,10276,4383,5893,0,0,0,0,0,451,448,492,281,0,0,141,0,0,0,131,8374,2452,2449,2529,1804,207
Android,fornana/swipeitemlayout,39,36,49,20,213,23,172,12,0,0,0,0,48,6,9,272,0,264,266,144,272,0,59,7,36,170,0,4750,844,3649,1207,2332,291,0,0,0,2032,2749,1084,1665,0,0,0,0,0,199,175,257,77,0,0,34,0,0,0,0,185,802,725,991,468,14
Android,fossasia/open-event-orga-app,366,361,376,347,2161,131,1900,39,0,0,0,0,566,193,301,3704,0,4141,3020,1821,3213,0,460,227,130,2396,0,41757,8656,32542,16724,14080,631,0,0,0,18692,22822,13688,9134,0,0,0,0,0,723,688,803,437,0,0,249,0,0,0,1,897,4562,4516,4704,3817,496
Android,vector-im/riot-android,333,322,373,191,2664,233,1946,357,0,0,0,0,1100,280,683,3836,0,3972,3694,1281,3974,0,242,762,151,2819,0,72255,11046,46340,13300,28558,14978,0,0,0,22789,31851,13545,18306,0,0,0,0,0,1413,1357,1670,498,0,0,460,0,0,0,14,7026,9035,8839,10155,4481,176
Android,dlazaro66/QRCodeReaderView,22,22,24,15,136,6,117,9,0,0,0,0,20,11,14,103,0,100,93,51,104,0,13,10,6,75,0,1727,247,1188,437,660,298,0,0,0,617,840,401,439,0,0,0,0,0,54,53,59,26,0,0,19,0,0,0,3,278,219,213,242,127,13
Android,iamMehedi/Secured-Preference-Store,17,17,18,10,99,7,71,18,0,0,0,0,21,19,23,130,0,132,111,64,130,0,47,5,6,72,0,2141,360,1456,567,812,329,0,0,0,782,1081,538,543,0,0,0,0,0,55,55,67,33,0,0,16,0,0,0,1,231,301,300,337,172,11
Android,slymax/webview,3,3,4,2,23,3,16,3,0,0,0,0,2,0,0,3,0,3,3,1,3,0,0,0,1,2,0,69,15,46,26,16,8,0,0,0,26,33,21,12,0,0,0,0,0,4,4,5,2,0,0,2,0,0,0,0,29,5,5,6,3,2
Android,WellingtonCosta/convalida,77,77,90,63,505,24,473,0,0,0,0,0,89,69,63,315,0,380,311,94,380,0,79,70,3,228,0,6043,1077,4699,2006,2666,268,0,0,0,1914,2553,1503,1050,0,0,0,0,0,183,170,217,131,0,0,42,0,0,0,0,1202,572,559,650,400,81
Android,chariotsolutions/phonegap-nfc,9,9,9,4,56,4,45,0,0,0,0,0,8,17,49,109,0,109,78,19,95,0,17,66,0,12,0,1610,290,1221,379,821,115,0,0,0,694,941,383,558,0,0,0,0,0,54,54,54,33,0,0,14,0,0,0,0,33,272,272,276,162,4
Android,xiangtailiang/FakeGPS,30,29,31,20,167,4,160,1,0,0,0,0,34,46,27,169,0,177,131,62,177,0,8,20,8,141,0,2076,371,1633,615,834,72,0,0,0,880,1198,583,615,0,0,0,0,0,81,72,86,27,0,0,35,0,0,0,0,245,302,291,314,176,22
Android,Cleveroad/FireworkyPullToRefresh,34,34,35,27,194,5,166,19,0,0,0,0,56,8,25,319,0,329,323,183,331,0,105,46,12,168,0,3628,571,2548,969,1277,521,0,0,0,1380,1884,933,951,0,0,0,0,0,81,77,90,48,0,0,25,0,0,0,2,276,480,472,508,353,28
Android,razerdp/FriendCircle,254,250,272,206,1323,29,1178,69,0,0,0,0,525,273,206,2492,0,2631,2382,958,2655,0,203,298,146,2008,0,29500,4803,21083,7949,10565,3685,0,0,0,10855,15266,7484,7782,0,0,0,0,0,725,694,799,388,0,0,270,0,0,0,28,5155,4245,4171,4487,2842,229
Android,aliumujib/Nibo,75,75,76,65,468,21,393,30,0,0,0,0,183,19,39,798,0,921,910,353,929,0,133,78,52,666,0,9709,1882,6786,2837,3159,1058,0,0,0,3429,4751,2543,2208,0,0,0,0,0,199,196,219,97,0,0,66,0,0,0,6,1551,1237,1226,1309,878,79
Android,traex/RippleEffect,6,6,6,6,42,1,36,1,0,0,0,0,19,0,0,66,0,66,68,38,68,0,2,4,2,60,0,857,120,579,199,271,158,0,0,0,294,393,189,204,0,0,0,0,0,19,19,21,8,0,0,6,0,0,0,0,223,91,91,96,68,7
Android,tianzhijiexian/DBinding,55,51,60,42,306,17,258,28,0,0,0,0,58,39,17,153,0,161,115,37,154,0,10,15,25,104,0,2375,434,1592,738,699,370,0,0,0,808,1101,680,421,0,0,0,0,0,91,82,100,57,0,0,34,0,0,0,9,1256,252,243,265,179,47
Android,gzsll/WebViewJavascriptBridge,11,11,11,8,46,1,44,0,0,0,0,0,24,10,10,50,0,53,43,14,53,0,3,12,1,37,0,626,106,491,161,255,30,0,0,0,211,333,163,170,0,0,0,0,0,23,23,23,12,0,0,8,0,0,0,0,242,105,105,109,56,10
Android,amilcar-sr/JustifiedTextView,6,6,6,5,31,2,23,5,0,0,0,0,6,0,4,20,0,20,20,9,20,0,0,7,3,10,0,341,68,184,77,86,89,0,0,0,96,139,78,61,0,0,0,0,0,8,8,10,5,0,0,3,0,0,0,0,149,34,34,38,20,5
Android,dingjibang/GDX-RPG,162,162,166,130,704,53,560,51,0,0,0,0,187,133,151,1407,0,1364,1216,660,1349,0,5,61,41,1242,0,13073,2528,8723,3328,4241,1858,0,0,0,4739,6868,3254,3614,0,0,0,0,0,362,353,396,166,0,0,110,0,0,0,16,3804,2103,2091,2186,1486,146
Android,ihsanbal/Wiv,4,4,5,4,33,1,30,1,0,0,0,0,10,1,8,49,0,50,49,21,50,0,14,4,14,18,0,568,84,468,169,260,20,0,0,0,252,336,156,180,0,0,0,0,0,13,11,13,4,0,0,6,0,0,0,0,29,81,75,89,49,4
Android,florent37/ExpectAnim,74,72,77,60,398,18,362,4,0,0,0,0,75,47,1,289,0,303,256,119,303,0,17,16,13,257,0,3415,732,2487,1101,1015,198,0,0,0,1146,1656,980,676,0,0,0,0,0,135,127,143,66,0,0,47,0,0,0,0,1007,440,432,450,308,62
Android,motianhuo/VCameraDemo,132,126,147,71,799,36,629,101,0,0,0,0,142,272,197,880,0,944,680,402,952,0,12,71,56,813,0,14472,1874,10241,3209,6054,2459,0,0,0,5150,7317,2951,4366,0,0,0,0,0,431,396,500,196,0,0,164,0,0,0,5,1699,2210,2113,2494,1169,70
Android,prcaen/external-resources,42,40,45,30,228,20,194,6,0,0,0,0,47,35,87,345,0,366,331,104,366,0,22,19,15,310,0,3980,757,2876,1121,1455,355,0,0,0,1577,2121,1053,1068,0,0,0,0,0,91,80,131,48,0,0,27,0,0,0,2,155,517,499,576,391,33
Android,lichao315/Calendar,10,6,11,4,52,0,42,9,0,0,0,0,19,6,59,53,0,53,47,45,53,0,0,10,0,43,0,1054,122,723,285,479,284,0,0,0,449,571,282,289,0,0,0,0,0,46,35,55,14,0,0,9,0,0,0,0,228,119,107,136,69,6
Android,Catrobat/Catroid,1625,1563,1713,1329,11296,1000,9937,13,0,0,0,0,2020,670,2030,9704,0,9888,9310,4102,9980,0,467,1174,546,7793,0,170709,26743,113923,51076,58928,30169,0,0,0,66707,83318,45116,38202,0,0,0,0,0,3944,3455,4265,2198,0,0,1117,0,0,0,404,49602,15810,14978,16608,11090,1341
Android,ksvc/KSYLive_Android,256,234,274,180,1537,56,1317,101,0,0,0,0,379,62,284,1433,0,1445,1389,1108,1451,0,31,182,214,1024,0,25467,3331,18777,5839,11724,3533,0,0,0,9150,11862,5346,6516,0,0,0,0,0,674,556,754,281,0,0,161,0,0,0,12,5149,2749,2516,2915,1554,180
Android,makovkastar/FloatingActionButton,12,12,13,9,56,0,55,0,0,0,0,0,28,2,6,118,0,127,125,33,127,0,9,22,3,93,0,1152,187,949,401,447,16,0,0,0,459,652,360,292,0,0,0,0,0,28,28,31,12,0,0,13,0,0,0,0,20,176,176,182,121,10
Android,ValuesFeng/AndroidPicturePicker,33,32,35,28,190,5,170,8,0,0,0,0,53,38,48,252,0,256,220,84,258,0,15,21,12,210,0,2996,418,2130,898,1007,466,0,0,0,1138,1546,859,687,0,0,0,0,0,84,82,92,51,0,0,35,0,0,0,1,702,378,376,395,284,28
Android,MichaelEvans/Aftermath,12,12,12,6,107,4,98,2,0,0,0,0,11,5,13,37,0,41,36,16,41,0,6,8,3,24,0,678,109,556,251,280,15,0,0,0,279,367,220,147,0,0,0,0,0,27,27,29,13,0,0,12,0,0,0,0,54,74,74,78,44,9
Android,vlonjatg/progress-activity,9,8,9,8,67,5,57,0,0,0,0,0,10,0,0,144,0,161,161,164,161,0,0,50,2,109,0,2082,444,1619,563,906,19,0,0,0,951,1168,470,698,0,0,0,0,0,29,22,29,8,0,0,10,0,0,0,0,81,235,208,247,144,9
Android,ragdroid/Dahaka,45,44,45,41,189,4,171,7,0,0,0,0,108,22,1,286,0,329,302,133,324,0,50,11,12,251,0,3180,849,2114,1262,506,220,0,0,0,1065,1473,1069,404,0,0,0,0,0,58,56,59,43,0,0,9,0,0,0,1,1341,307,305,308,288,64
Android,maxiee/HeartBeat,125,125,127,92,846,31,779,9,0,0,0,0,198,154,226,687,0,700,548,359,702,0,22,99,72,509,0,10368,1438,8333,3374,4733,641,0,0,0,4802,6167,3233,2934,0,0,0,0,0,308,304,337,150,0,0,106,0,0,0,0,1309,1220,1207,1272,775,102
Android,openid/AppAuth-Android,104,104,107,89,766,26,591,111,0,0,0,0,146,162,420,1113,0,1127,953,326,1115,0,71,129,21,894,0,19960,2670,12427,5722,6448,4905,0,0,0,5712,7391,3999,3392,0,0,0,0,0,221,221,244,142,0,0,72,0,0,0,159,3124,1540,1538,1594,1222,94
Android,benniaobuguai/android-dynamic-action,62,60,65,39,429,45,346,25,0,0,0,0,63,77,47,269,0,275,200,93,277,0,0,27,22,228,0,4134,792,2615,1077,1341,735,0,0,0,1457,1959,1036,923,0,0,0,0,0,135,127,142,52,0,0,47,0,0,0,5,766,465,456,488,292,45
Android,k0shk0sh/PermissionHelper,24,24,24,18,116,0,107,5,0,0,0,0,33,34,15,248,0,272,238,65,272,0,17,20,28,207,0,2890,396,2166,714,1131,355,0,0,0,1090,1579,726,853,0,0,0,0,0,74,69,81,40,0,0,27,0,0,0,5,251,462,456,483,301,22
Android,grantland/android-autofittextview,5,5,5,4,36,2,24,7,0,0,0,0,8,7,4,65,0,66,59,19,66,0,0,12,0,54,0,882,128,521,191,265,235,0,0,0,250,365,176,189,0,0,0,0,0,18,18,18,10,0,0,6,0,0,0,1,71,107,107,111,73,4
Android,linglongxin24/WelcomeVideoPager,9,9,9,7,53,1,40,11,0,0,0,0,11,0,0,32,0,34,34,13,34,0,0,4,11,19,0,455,68,289,133,116,104,0,0,0,156,210,115,95,0,0,0,0,0,17,17,17,7,0,0,5,0,0,0,0,272,45,45,45,32,7
Android,ManuelPeinado/ImageLayout,12,10,12,9,63,0,61,0,0,0,0,0,10,3,5,55,0,55,52,24,55,0,3,24,14,14,0,891,100,589,240,333,202,0,0,0,344,452,224,228,0,0,0,0,0,29,24,30,13,0,0,5,0,0,0,2,441,111,97,118,59,9
Android,colintheshots/AnDevCon-RxPatterns,25,25,26,24,203,8,175,5,0,0,0,0,130,9,20,256,0,268,226,120,235,0,23,21,28,163,0,3214,509,2378,939,1203,346,0,0,0,1102,1469,873,596,0,0,0,0,0,47,47,52,26,0,0,19,0,0,0,11,527,330,330,340,259,27
Android,HomHomLin/SlidingLayout,10,10,11,8,53,0,49,2,0,0,0,0,17,1,13,57,0,60,59,16,60,0,0,3,7,50,0,754,119,560,189,298,80,0,0,0,265,381,175,206,0,0,0,0,0,30,24,34,17,0,0,6,0,0,0,0,140,114,104,129,72,8
Android,ryanlijianchang/Recyclerview-Gallery,16,15,16,13,140,14,86,36,0,0,0,0,27,12,10,95,0,98,86,31,98,0,7,12,9,70,0,1399,242,837,339,433,320,0,0,0,446,605,322,283,0,0,0,0,0,30,29,37,15,0,0,8,0,0,0,0,595,150,146,159,97,13
Android,tekinarslan/AndroidMaterialDesignToolbar,18,13,18,10,113,8,95,5,0,0,0,0,18,3,11,75,0,78,74,53,77,0,7,6,13,51,0,1289,222,929,385,514,142,0,0,0,561,704,347,357,0,0,0,0,0,52,40,60,15,0,0,14,0,0,0,0,133,150,137,164,80,11
Android,nanchen2251/CoordinatorAppBarDemo,12,12,13,11,97,6,72,15,0,0,0,0,20,5,13,87,0,90,85,67,90,0,2,12,5,71,0,1338,171,855,363,413,327,0,0,0,498,655,337,318,0,0,0,0,0,30,30,34,13,0,0,8,0,0,0,1,291,150,147,165,91,11
Android,Devlight/TintLayout,6,6,6,5,24,1,21,1,0,0,0,0,6,0,5,18,0,18,18,14,18,0,0,1,4,13,0,330,55,206,92,103,69,0,0,0,125,164,84,80,0,0,0,0,0,14,14,22,5,0,0,3,0,0,0,1,190,35,35,44,18,5
Android,glt/ScreenRecorder,4,4,4,3,21,0,19,0,0,0,0,0,6,1,4,23,0,23,22,12,23,0,0,2,4,17,0,276,45,230,93,113,1,0,0,0,129,168,84,84,0,0,0,0,0,8,8,9,6,0,0,5,0,0,0,0,5,36,36,39,26,3
Android,lessthanoptimal/BoofCV,6272,6184,6506,3963,48989,6031,36465,5019,0,0,0,0,4764,5758,739,25187,0,26174,19227,11527,24985,0,1413,1972,1387,20213,0,591146,92692,360684,139098,227679,139327,0,0,0,233976,295008,137855,157153,0,0,0,0,0,13568,13227,14572,6520,0,0,4707,0,0,0,1982,152662,60031,58995,62574,32420,3533
Android,wongzy/BetterWay,75,73,76,63,472,2,386,74,0,0,0,0,147,34,74,548,0,591,565,224,599,0,70,62,12,455,0,6787,762,4944,2372,2241,1113,0,0,0,2754,3561,2149,1412,0,0,0,0,0,151,141,156,78,0,0,47,0,0,0,25,2601,743,724,755,563,78
Android,kiwi-bop/flutter_crashlytics,7,7,7,5,41,3,36,0,0,0,0,0,5,4,0,15,0,15,11,2,15,0,4,2,2,7,0,228,38,189,69,103,1,0,0,0,101,140,65,75,0,0,0,0,0,21,18,22,7,0,0,5,0,0,0,0,1,36,33,37,17,5
Android,skydoves/PowerMenu,16,16,16,15,94,2,77,10,0,0,0,0,40,10,2,275,0,293,287,114,297,0,22,10,17,248,0,3198,384,1911,706,949,903,0,0,0,869,1272,600,672,0,0,0,0,0,57,57,59,15,0,0,11,0,0,0,22,807,385,385,393,275,21
Android,android-hacker/VirtualXposed,628,604,686,395,3162,55,2893,127,0,0,0,0,1432,493,1440,3732,0,3872,3262,1042,3755,0,213,454,245,2843,0,57187,8099,44029,17638,22134,5160,0,0,0,22266,31532,15882,15650,0,0,0,0,0,1728,1660,1913,871,0,0,587,0,0,0,55,7316,7992,7851,8533,4892,538
Android,LaiFeng-Android/SopCastComponent,148,134,152,111,801,17,715,51,0,0,0,0,216,106,233,879,0,934,848,471,954,0,81,100,53,720,0,12300,1534,8753,3283,4795,2073,0,0,0,4791,6404,3102,3302,0,0,0,0,0,367,337,397,174,0,0,123,0,0,0,38,3073,1521,1481,1596,996,110
Android,aporter/coursera-android,422,419,436,350,3902,655,2794,307,0,0,0,0,650,22,513,1752,0,1770,1748,838,1770,0,77,231,245,1217,0,28791,5793,20371,8820,10512,2687,0,0,0,10877,14153,7659,6494,0,0,0,0,0,787,754,841,411,0,0,286,0,0,0,4,3997,2916,2855,3093,1884,356
Android,shardul/Android,33,33,35,15,247,46,197,0,0,0,0,0,19,0,22,84,0,87,87,45,87,0,3,10,8,66,0,1657,394,1259,523,775,4,0,0,0,718,923,479,444,0,0,0,0,0,81,81,84,27,0,0,31,0,0,0,0,3,186,186,190,97,15
Android,WrBug/DeveloperHelper,186,180,198,142,1049,17,830,171,0,0,0,0,191,65,164,914,0,979,924,383,989,0,183,173,78,555,0,16965,2111,9372,3777,4641,5606,0,0,0,4702,6603,3332,3271,0,0,0,0,0,479,462,523,269,0,0,158,0,0,0,150,6548,1783,1736,1909,1167,148
Android,limpoxe/Android-ServiceManager,40,39,42,27,231,15,202,7,0,0,0,0,32,27,27,63,0,69,42,9,69,0,4,5,2,58,0,1167,214,855,334,462,99,0,0,0,454,619,329,290,0,0,0,0,0,78,77,85,48,0,0,32,0,0,0,0,433,149,148,156,96,22
Android,wrapp-archive/floatlabelededittext,5,5,5,4,28,2,21,5,0,0,0,0,6,2,2,23,0,23,21,3,23,0,0,6,1,16,0,287,56,219,82,115,14,0,0,0,119,160,81,79,0,0,0,0,0,11,11,13,5,0,0,5,0,0,0,0,48,42,42,45,25,3
Android,emotionsense/SensorManager,216,186,224,134,1234,27,1154,28,0,0,0,0,151,58,261,622,0,662,606,181,664,0,0,58,159,447,0,10826,1602,7249,2445,2627,1993,0,0,0,2945,4204,2401,1803,0,0,0,0,0,436,370,461,175,0,0,180,0,0,0,31,3815,1140,1052,1179,685,132
Android,zaihuishou/ExpandableRecyclerview,14,13,15,10,83,1,63,17,0,0,0,0,19,0,0,76,0,89,89,31,89,0,7,8,7,67,0,1256,172,771,316,373,313,0,0,0,391,564,291,273,0,0,0,0,0,30,30,36,18,0,0,16,0,0,0,5,289,162,160,190,84,13
Android,jiangzehui/MD,53,48,58,36,377,26,285,51,0,0,0,0,118,31,39,492,0,525,494,273,525,0,33,44,15,433,0,6596,1108,4825,1699,2568,682,0,0,0,2568,3507,1598,1909,0,0,0,0,0,172,155,200,54,0,0,57,0,0,0,4,623,929,868,1002,527,39
Android,linsea/UniversalVideoView,9,9,12,6,50,1,44,2,0,0,0,0,28,0,26,132,0,149,151,87,151,0,23,24,5,99,0,2008,274,1464,410,863,294,0,0,0,736,1048,381,667,0,0,0,0,0,47,47,61,19,0,0,14,0,0,0,0,151,316,306,372,149,6
